feature,value,count,documentation_flag
PAY_0,-2,2759,True
PAY_0,-1,5686,False
PAY_0,0,14737,True
PAY_0,1,3688,False
PAY_0,2,2667,False
PAY_0,3,322,False
PAY_0,4,76,False
PAY_0,5,26,False
PAY_0,6,11,False
PAY_0,7,9,False
PAY_0,8,19,False
PAY_2,-2,3782,True
PAY_2,-1,6050,False
PAY_2,0,15730,True
PAY_2,1,28,False
PAY_2,2,3927,False
PAY_2,3,326,False
PAY_2,4,99,False
PAY_2,5,25,False
PAY_2,6,12,False
PAY_2,7,20,False
PAY_2,8,1,False
PAY_3,-2,4085,True
PAY_3,-1,5938,False
PAY_3,0,15764,True
PAY_3,1,4,False
PAY_3,2,3819,False
PAY_3,3,240,False
PAY_3,4,76,False
PAY_3,5,21,False
PAY_3,6,23,False
PAY_3,7,27,False
PAY_3,8,3,False
PAY_4,-2,4348,True
PAY_4,-1,5687,False
PAY_4,0,16455,True
PAY_4,1,2,False
PAY_4,2,3159,False
PAY_4,3,180,False
PAY_4,4,69,False
PAY_4,5,35,False
PAY_4,6,5,False
PAY_4,7,58,False
PAY_4,8,2,False
PAY_5,-2,4546,True
PAY_5,-1,5539,False
PAY_5,0,16947,True
PAY_5,2,2626,False
PAY_5,3,178,False
PAY_5,4,84,False
PAY_5,5,17,False
PAY_5,6,4,False
PAY_5,7,58,False
PAY_5,8,1,False
PAY_6,-2,4895,True
PAY_6,-1,5740,False
PAY_6,0,16286,True
PAY_6,2,2766,False
PAY_6,3,184,False
PAY_6,4,49,False
PAY_6,5,13,False
PAY_6,6,19,False
PAY_6,7,46,False
PAY_6,8,2,False
SEX,1,11888,False
SEX,2,18112,False
EDUCATION,0,14,True
EDUCATION,1,10585,False
EDUCATION,2,14030,False
EDUCATION,3,4917,False
EDUCATION,4,123,False
EDUCATION,5,280,True
EDUCATION,6,51,True
MARRIAGE,0,54,True
MARRIAGE,1,13659,False
MARRIAGE,2,15964,False
MARRIAGE,3,323,False
