policy,ratio,threshold,cost_per_customer,approval_rate,approved_default_rate,bad_capture
validation_min_cost,1.0,0.5336303489139184,0.18072690896965654,0.8962987662554185,0.16629464285714285,0.3257918552036199
probability_cost_rule,1.0,0.5,0.17772590863621207,0.8862954318106036,0.1608352144469526,0.3552036199095023
threshold_0.5,1.0,0.5,0.17772590863621207,0.8862954318106036,0.1608352144469526,0.3552036199095023
approve_all,1.0,1.0,0.22107369123041012,1.0,0.22107369123041012,0.0
reject_all,1.0,0.0,0.7789263087695899,0.0,,1.0
validation_min_cost,2.0,0.31744941942158655,0.29193064354784926,0.7910970323441147,0.12813487881981034,0.5414781297134238
probability_cost_rule,2.0,0.3333333333333333,0.29509836612204066,0.8064354784928309,0.13334711598097995,0.5135746606334841
threshold_0.5,2.0,0.5,0.32027342447482493,0.8862954318106036,0.1608352144469526,0.3552036199095023
approve_all,2.0,1.0,0.44214738246082025,1.0,0.22107369123041012,0.0
reject_all,2.0,0.0,0.7789263087695899,0.0,,1.0
validation_min_cost,5.0,0.1664136724636875,0.5345115038346115,0.543514504834945,0.09171779141104294,0.7745098039215687
probability_cost_rule,5.0,0.16666666666666666,0.5350116705568523,0.5440146715571857,0.09193993257738278,0.7737556561085973
threshold_0.5,5.0,0.5,0.7479159719906635,0.8862954318106036,0.1608352144469526,0.3552036199095023
approve_all,5.0,1.0,1.1053684561520507,1.0,0.22107369123041012,0.0
reject_all,5.0,0.0,0.7789263087695899,0.0,,1.0
validation_min_cost,10.0,0.10465501197460558,0.6852284094698233,0.3064354784928309,0.06311207834602829,0.9125188536953243
probability_cost_rule,10.0,0.09090909090909091,0.679893297765922,0.25491830610203403,0.05559189012426422,0.9358974358974359
threshold_0.5,10.0,0.5,1.460653551183728,0.8862954318106036,0.1608352144469526,0.3552036199095023
approve_all,10.0,1.0,2.2107369123041014,1.0,0.22107369123041012,0.0
reject_all,10.0,0.0,0.7789263087695899,0.0,,1.0
validation_min_cost,20.5,0.05610327408238114,0.783677892630877,0.12070690230076692,0.04834254143646409,0.973604826546003
probability_cost_rule,20.5,0.046511627906976744,0.7701733911303767,0.07685895298432811,0.04121475054229935,0.9856711915535445
threshold_0.5,20.5,0.5,2.957402467489163,0.8862954318106036,0.1608352144469526,0.3552036199095023
approve_all,20.5,1.0,4.532010670223408,1.0,0.22107369123041012,0.0
reject_all,20.5,0.0,0.7789263087695899,0.0,,1.0
