feature,missing,nonfinite,unique,min,p01,median,p99,max,iqr_flags
ID,0,0,30000,1,300.99,15000.5,29700.01,30000,0
LIMIT_BAL,0,0,81,10000,10000.0,140000.0,500000.0,1000000,167
SEX,0,0,2,1,1.0,2.0,2.0,2,0
EDUCATION,0,0,7,0,1.0,2.0,5.0,6,454
MARRIAGE,0,0,4,0,1.0,2.0,3.0,3,0
AGE,0,0,56,21,22.0,34.0,60.0,79,272
PAY_0,0,0,11,-2,-2.0,0.0,3.0,8,3130
PAY_2,0,0,11,-2,-2.0,0.0,3.0,8,4410
PAY_3,0,0,11,-2,-2.0,0.0,3.0,8,4209
PAY_4,0,0,11,-2,-2.0,0.0,3.0,8,3508
PAY_5,0,0,10,-2,-2.0,0.0,3.0,8,2968
PAY_6,0,0,10,-2,-2.0,0.0,3.0,8,3079
BILL_AMT1,0,0,22723,-165580,-81.0,22381.5,350110.6799999999,964511,2400
BILL_AMT2,0,0,22346,-69777,-200.0,21200.0,337495.27999999997,983931,2395
BILL_AMT3,0,0,22026,-157264,-200.0,20088.5,325030.38999999897,1664089,2469
BILL_AMT4,0,0,21548,-170000,-212.01999999999998,19052.0,304997.26999999996,891586,2622
BILL_AMT5,0,0,21010,-81334,-232.01,18104.5,285868.32999999996,927171,2725
BILL_AMT6,0,0,20604,-339603,-331.03,17071.0,279505.05999999965,961664,2693
PAY_AMT1,0,0,7943,0,0.0,2100.0,66522.17999999854,873552,2745
PAY_AMT2,0,0,7899,0,0.0,2009.0,76651.01999999999,1684259,2714
PAY_AMT3,0,0,7518,0,0.0,1800.0,70000.0,896040,2598
PAY_AMT4,0,0,6937,0,0.0,1500.0,67054.43999999961,621000,2994
PAY_AMT5,0,0,6897,0,0.0,1500.0,65607.55999999991,426529,2945
PAY_AMT6,0,0,6939,0,0.0,1500.0,82619.04999999935,528666,2958
default payment next month,0,0,2,0,0.0,0.0,1.0,1,6636
