model,strategy,threshold,cost_per_customer,tp,fp,fn,tn,precision,recall,f1,approval_rate,approved_default_rate,bad_capture
linear_lr,validation_min_cost,0.14188275312575355,0.5696898966322107,1046,2017,280,2655,0.3414952660790075,0.7888386123680241,0.47664616085668715,0.4893297765921974,0.09540034071550256,0.7888386123680241
linear_lr,threshold_0.5,0.5,0.8101033677892631,393,194,933,4478,0.6695059625212947,0.29638009049773756,0.4108729743857815,0.9021340446815606,0.17242653853261874,0.29638009049773756
linear_lr,probability_cost_rule,0.16666666666666666,0.5656885628542848,901,1268,425,3404,0.4153988012909175,0.6794871794871795,0.5155937052932761,0.6383794598199399,0.11099503786889527,0.6794871794871795
linear_lr_sigmoid,validation_min_cost,0.14795582646011377,0.5696898966322107,1046,2017,280,2655,0.3414952660790075,0.7888386123680241,0.47664616085668715,0.4893297765921974,0.09540034071550256,0.7888386123680241
linear_lr_sigmoid,threshold_0.5,0.5,0.8336112037345782,362,180,964,4492,0.6678966789667896,0.2730015082956259,0.3875802997858672,0.9096365455151717,0.17668621700879766,0.2730015082956259
linear_lr_sigmoid,probability_cost_rule,0.16666666666666666,0.563187729243081,915,1323,411,3349,0.40884718498659517,0.6900452488687783,0.5134680134680135,0.6268756252084028,0.10930851063829787,0.6900452488687783
woe_lr,validation_min_cost,0.16803929866668457,0.5600200066688896,938,1419,388,3253,0.3979635129401782,0.7073906485671192,0.5093673635623134,0.6070356785595198,0.10656413073331503,0.7073906485671192
woe_lr,threshold_0.5,0.5,0.7560853617872624,461,210,865,4462,0.6870342771982116,0.3476621417797888,0.4616925388082123,0.8881293764588196,0.1623803266378825,0.3476621417797888
woe_lr,probability_cost_rule,0.16666666666666666,0.5626875625208403,942,1455,384,3217,0.392991239048811,0.7104072398190046,0.5060435132957293,0.6003667889296432,0.10663704526520411,0.7104072398190046
woe_lr_sigmoid,validation_min_cost,0.17004326034554698,0.5600200066688896,938,1419,388,3253,0.3979635129401782,0.7073906485671192,0.5093673635623134,0.6070356785595198,0.10656413073331503,0.7073906485671192
woe_lr_sigmoid,threshold_0.5,0.5,0.7604201400466822,454,201,872,4471,0.6931297709923664,0.34238310708898945,0.45835436648157496,0.8907969323107703,0.16320419240127268,0.34238310708898945
woe_lr_sigmoid,probability_cost_rule,0.16666666666666666,0.5643547849283095,952,1515,374,3157,0.3858937981353871,0.717948717948718,0.5019773266543633,0.5886962320773591,0.1059190031152648,0.717948717948718
hist_gbdt,validation_min_cost,0.1664136724636875,0.5345115038346115,1027,1711,299,2961,0.37509130752374,0.7745098039215687,0.5054133858267716,0.543514504834945,0.09171779141104294,0.7745098039215687
hist_gbdt,threshold_0.5,0.5,0.7479159719906635,471,211,855,4461,0.6906158357771262,0.3552036199095023,0.46912350597609564,0.8862954318106036,0.1608352144469526,0.3552036199095023
hist_gbdt,probability_cost_rule,0.16666666666666666,0.5350116705568523,1026,1709,300,2963,0.37513711151736745,0.7737556561085973,0.5052942624969219,0.5440146715571857,0.09193993257738278,0.7737556561085973
hist_gbdt_sigmoid,validation_min_cost,0.16467247748331604,0.5345115038346115,1027,1711,299,2961,0.37509130752374,0.7745098039215687,0.5054133858267716,0.543514504834945,0.09171779141104294,0.7745098039215687
hist_gbdt_sigmoid,threshold_0.5,0.5,0.754918306102034,461,203,865,4469,0.6942771084337349,0.3476621417797888,0.46331658291457284,0.889296432144048,0.16216722909636294,0.3476621417797888
hist_gbdt_sigmoid,probability_cost_rule,0.16666666666666666,0.5363454484828276,1020,1687,306,2985,0.3768008865903214,0.7692307692307693,0.5058269278452765,0.5486828942980994,0.09298085688240657,0.7692307692307693
linear_lr_balanced,validation_min_cost,0.3633940696355547,0.577025675225075,1043,2046,283,2626,0.3376497248300421,0.7865761689291101,0.472480181200453,0.4849949983327776,0.09728429013406668,0.7865761689291101
linear_lr_balanced,threshold_0.5,0.5,0.5608536178726242,859,1029,467,3643,0.454978813559322,0.6478129713423831,0.5345364032358432,0.6852284094698233,0.11362530413625305,0.6478129713423831
linear_lr_balanced,probability_cost_rule,0.16666666666666666,0.7574191397132377,1314,4483,12,189,0.22666896670691736,0.9909502262443439,0.368945668959708,0.033511170390130046,0.05970149253731343,0.9909502262443439
linear_lr_balanced_sigmoid,validation_min_cost,0.1457476579967601,0.577025675225075,1043,2046,283,2626,0.3376497248300421,0.7865761689291101,0.472480181200453,0.4849949983327776,0.09728429013406668,0.7865761689291101
linear_lr_balanced_sigmoid,threshold_0.5,0.5,0.839946648882961,355,183,971,4489,0.6598513011152416,0.26772247360482654,0.38090128755364805,0.9103034344781594,0.17783882783882785,0.26772247360482654
linear_lr_balanced_sigmoid,probability_cost_rule,0.16666666666666666,0.5605201733911304,928,1372,398,3300,0.40347826086956523,0.6998491704374057,0.5118587975730833,0.616538846282094,0.10762574364521363,0.6998491704374057
random_forest,validation_min_cost,0.4017338159594516,0.5386795598532844,1000,1601,326,3071,0.3844675124951942,0.7541478129713424,0.5092946269416858,0.5663554518172724,0.09596702973211657,0.7541478129713424
random_forest,threshold_0.5,0.5,0.5461820606868957,847,881,479,3791,0.49016203703703703,0.638763197586727,0.5546823837590046,0.7119039679893298,0.11217798594847775,0.638763197586727
random_forest,probability_cost_rule,0.16666666666666666,0.7010670223407802,1298,4065,28,607,0.24202871527130337,0.9788838612368024,0.38809986545074004,0.10586862287429143,0.04409448818897638,0.9788838612368024
random_forest_sigmoid,validation_min_cost,0.17143843744366105,0.5386795598532844,1000,1601,326,3071,0.3844675124951942,0.7541478129713424,0.5092946269416858,0.5663554518172724,0.09596702973211657,0.7541478129713424
random_forest_sigmoid,threshold_0.5,0.5,0.7447482494164721,476,217,850,4455,0.6868686868686869,0.358974358974359,0.4715205547300644,0.8844614871623875,0.16022620169651272,0.358974358974359
random_forest_sigmoid,probability_cost_rule,0.16666666666666666,0.5420140046682227,1010,1671,316,3001,0.37672510257366654,0.7616892911010558,0.5041177938607437,0.5530176725575192,0.09526680735604462,0.7616892911010558
xgboost,validation_min_cost,0.16287632286548615,0.5333444481493831,1030,1719,296,2953,0.3746817024372499,0.7767722473604827,0.505521472392638,0.5416805601867289,0.09110495537088335,0.7767722473604827
xgboost,threshold_0.5,0.5,0.7442480826942314,475,209,851,4463,0.6944444444444444,0.35822021116138764,0.472636815920398,0.8859619873291097,0.16014301844185172,0.35822021116138764
xgboost,probability_cost_rule,0.16666666666666666,0.5288429476492164,1020,1642,306,3030,0.38317054845980464,0.7692307692307693,0.5115346038114343,0.5561853951317106,0.09172661870503597,0.7692307692307693
xgboost_sigmoid,validation_min_cost,0.16054618438494206,0.5333444481493831,1030,1719,296,2953,0.3746817024372499,0.7767722473604827,0.505521472392638,0.5416805601867289,0.09110495537088335,0.7767722473604827
xgboost_sigmoid,threshold_0.5,0.5,0.7489163054351451,468,202,858,4470,0.6985074626865672,0.35294117647058826,0.46893787575150303,0.8882960986995665,0.16103603603603603,0.35294117647058826
xgboost_sigmoid,probability_cost_rule,0.16666666666666666,0.5285095031677226,1014,1610,312,3062,0.3864329268292683,0.7647058823529411,0.5134177215189873,0.5625208402800934,0.09247184350918791,0.7647058823529411
