scenario,feature,psi,heuristic_level
same_cohort_test,LIMIT_BAL,0.006542933236641955,low
same_cohort_test,PAY_0,0.0021263312236552865,low
same_cohort_test,PAY_2,0.0019394923534032567,low
same_cohort_test,PAY_3,0.0020081940561961723,low
same_cohort_test,PAY_4,0.002179907579215175,low
same_cohort_test,PAY_5,0.0025145884200815137,low
same_cohort_test,PAY_6,0.0011180081166424073,low
same_cohort_test,BILL_AMT1,0.0025642013732653083,low
same_cohort_test,BILL_AMT2,0.003619509694325944,low
same_cohort_test,BILL_AMT3,0.0024255248881897137,low
same_cohort_test,BILL_AMT4,0.0016198254611317975,low
same_cohort_test,BILL_AMT5,0.001989237067400329,low
same_cohort_test,BILL_AMT6,0.0024495154776485724,low
same_cohort_test,PAY_AMT1,0.002546602619522195,low
same_cohort_test,PAY_AMT2,0.0017212874340745122,low
same_cohort_test,PAY_AMT3,0.0021128465762511517,low
same_cohort_test,PAY_AMT4,0.0016683573281186114,low
same_cohort_test,PAY_AMT5,0.0023135505864390568,low
same_cohort_test,PAY_AMT6,0.0012925361627328829,low
same_cohort_test,utilization_latest,0.0032292929541922356,low
same_cohort_test,utilization_mean,0.0013546389348768895,low
same_cohort_test,delayed_months,0.0002775069565577021,low
same_cohort_test,max_delay,0.0006789967849829755,low
same_cohort_test,payment_bill_ratio,0.002543490269056616,low
same_cohort_test,model_probability,0.0029571022406084824,low
simulated_limit_status_shift,LIMIT_BAL,0.34055645372771187,review
simulated_limit_status_shift,PAY_0,4.967521477399134,review
simulated_limit_status_shift,PAY_2,0.0019394923534032567,low
simulated_limit_status_shift,PAY_3,0.0020081940561961723,low
simulated_limit_status_shift,PAY_4,0.002179907579215175,low
simulated_limit_status_shift,PAY_5,0.0025145884200815137,low
simulated_limit_status_shift,PAY_6,0.0011180081166424073,low
simulated_limit_status_shift,BILL_AMT1,0.0025642013732653083,low
simulated_limit_status_shift,BILL_AMT2,0.003619509694325944,low
simulated_limit_status_shift,BILL_AMT3,0.0024255248881897137,low
simulated_limit_status_shift,BILL_AMT4,0.0016198254611317975,low
simulated_limit_status_shift,BILL_AMT5,0.001989237067400329,low
simulated_limit_status_shift,BILL_AMT6,0.0024495154776485724,low
simulated_limit_status_shift,PAY_AMT1,0.002546602619522195,low
simulated_limit_status_shift,PAY_AMT2,0.0017212874340745122,low
simulated_limit_status_shift,PAY_AMT3,0.0021128465762511517,low
simulated_limit_status_shift,PAY_AMT4,0.0016683573281186114,low
simulated_limit_status_shift,PAY_AMT5,0.0023135505864390568,low
simulated_limit_status_shift,PAY_AMT6,0.0012925361627328829,low
simulated_limit_status_shift,utilization_latest,0.4330293309339933,review
simulated_limit_status_shift,utilization_mean,0.30252835172937875,review
simulated_limit_status_shift,delayed_months,0.8923329979703383,review
simulated_limit_status_shift,max_delay,1.2089542376367086,review
simulated_limit_status_shift,payment_bill_ratio,0.002543490269056616,low
simulated_limit_status_shift,model_probability,0.5890054792272106,review
