feature,validation_auc_drop,repeat_sd
PAY_0,0.020937286927415994,0.0006961252988789776
max_delay,0.010155383720049427,0.0006804187137282119
LIMIT_BAL,0.005846152124355315,0.0004433197159988048
delayed_months,0.005630927291886374,0.0003742685887177095
utilization_mean,0.004109718175995443,0.001615394558496025
utilization_latest,0.003699284420477104,0.0008804352565385304
PAY_AMT1,0.002033121379918438,0.000447652104375562
payment_bill_ratio,0.0018769757639622482,0.0006299065736347157
PAY_AMT6,0.0017425678560852493,0.00048424649872731837
PAY_2,0.0014463108741917068,0.0013573649282740124
BILL_AMT1,0.0008351799623960154,0.0012885053264663985
PAY_3,0.0008005287643685725,0.0002224821577712426
PAY_AMT5,0.0003528611128330213,0.00012573588707065332
PAY_AMT2,0.0003129369064100995,0.0007478837016230307
PAY_AMT3,0.000272367025489569,0.000433386157348247
PAY_5,0.00012407711591844173,0.0005551161431902785
PAY_6,0.00010815047831576792,0.00010867586057062253
PAY_4,9.104010413452102e-05,0.00027964042471358955
BILL_AMT4,-0.0001835867820958829,0.0003001155367660238
PAY_AMT4,-0.0002623590707795757,0.0006531560757784037
BILL_AMT2,-0.0006868900528246661,0.00041712116170165636
BILL_AMT6,-0.0008192533247930456,0.0001124247467451973
BILL_AMT5,-0.0011267019979749697,0.00042610415946288025
BILL_AMT3,-0.001581687293814471,0.0002537358839281961
