feature,iv,woe_coefficient,odds_multiplier_per_woe_unit,score_change_per_woe_unit,final_bins
PAY_0,0.8414350896834047,0.7159516551269832,2.0461329689452037,-20.657998047358884,4
delayed_months,0.828921877569859,-0.5606831204964171,0.5708189924776039,16.177895149006602,5
max_delay,0.6626470228390342,0.48380851713071776,1.6222409845516819,-13.959762968086594,2
PAY_2,0.5339358727965039,0.15005357597555946,1.1618964907987612,-4.329630998551899,4
PAY_3,0.4134712301053267,0.26787135806312834,1.307178971163696,-7.729133597477342,4
PAY_4,0.3563566100342018,0.15452229603736095,1.1671002994792872,-4.458571003997539,4
PAY_5,0.3368370581347357,0.23822271149789,1.2689917804162165,-6.873654490102563,4
PAY_6,0.2908527637095551,0.28334962208397985,1.3275692282086944,-8.175741892366393,4
LIMIT_BAL,0.15911549327425795,0.39693648443272195,1.4872614627957674,-11.453165952779743,5
PAY_AMT1,0.15560443042274932,0.19255674767426742,1.2123452995315813,-5.556013299187462,5
PAY_AMT2,0.13758612362483758,0.19943820755350655,1.2207167760243423,-5.754570260024554,5
utilization_mean,0.11636405403907968,0.4871620224484821,1.6276903103847262,-14.056524677917261,5
PAY_AMT3,0.11484165197248693,0.2692289260157608,1.3089547605479521,-7.768304728535996,5
payment_bill_ratio,0.11222595510368553,0.20707302473596503,1.2300723942128884,-5.974864517769088,5
PAY_AMT4,0.10278730718255356,0.25795369421059483,1.2942788846311397,-7.442970308332265,5
PAY_AMT6,0.08514913782401451,0.1522247282214135,1.1644218854903485,-4.39227721011407,5
PAY_AMT5,0.07726176542333399,0.0389870630274444,1.0397570322549572,-1.12492884977039,5
utilization_latest,0.05743832515667409,-0.3542852081626297,0.7016748154293971,10.2225102575308,5
BILL_AMT5,0.00759970785153971,-0.30552405951242745,0.7367371790789475,8.815560910616872,5
BILL_AMT6,0.007558442260557588,-0.4488321011253752,0.6383732718503251,12.950556929707052,5
BILL_AMT1,0.006850513060974062,-0.6233951219768313,0.5361211475098007,17.9873810198069,5
BILL_AMT2,0.005838147635391076,0.9341688364798865,2.545097186440576,-26.954414954850904,5
BILL_AMT4,0.005641770485747386,-0.5335281335170774,0.5865319518487205,15.394367847996646,5
BILL_AMT3,0.005524626129669285,-1.0358598423987595,0.35492107349841956,29.88859715369427,5
