bin,reference_count,current_count,reference_share,current_share,psi_component,scenario,feature
"(-inf,30000.0]",2375.0,883.0,0.13200522352810426,0.14716415424335805,0.001647884386808394,same_cohort_test,LIMIT_BAL
"(30000.0,50000.0]",2144.0,711.0,0.11916868105915368,0.11851420004997085,3.604352757715044e-06,same_cohort_test,LIMIT_BAL
"(50000.0,70000.0]",944.0,300.0,0.05248534355811175,0.05005413508786541,0.0001153093946585019,same_cohort_test,LIMIT_BAL
"(70000.0,100000.0]",1951.0,665.0,0.10844377761106944,0.11085200299825101,5.289461248011394e-05,same_cohort_test,LIMIT_BAL
"(100000.0,140000.0]",1657.0,600.0,0.09210635992331416,0.10002498542516865,0.0006530966646819757,same_cohort_test,LIMIT_BAL
"(140000.0,180000.0]",2010.0,654.0,0.111722375038204,0.10901973848588324,6.618229047136033e-05,same_cohort_test,LIMIT_BAL
"(180000.0,220000.0]",1792.0,538.0,0.09960823539218137,0.08969767635545932,0.001038626405933127,same_cohort_test,LIMIT_BAL
"(220000.0,280000.0]",1758.0,614.0,0.09771887416298519,0.10235695844090947,0.00021507525553116799,same_cohort_test,LIMIT_BAL
"(280000.0,360000.0]",1884.0,532.0,0.10472062460059459,0.08869825934871325,0.002660607015803026,same_cohort_test,LIMIT_BAL
"(360000.0,inf]",1475.0,501.0,0.0819927204023228,0.08353460481385858,2.872608858645703e-05,same_cohort_test,LIMIT_BAL
missing,0.0,0.0,2.778472395876747e-05,8.328475056217206e-05,6.092676893011514e-05,same_cohort_test,LIMIT_BAL
-2.0,1654.0,557.0,0.09193454282777207,0.09284703139312182,9.012177254923892e-06,same_cohort_test,PAY_0
-1.0,3412.0,1149.0,0.18962020392854165,0.1914397535181947,1.737671884436165e-05,same_cohort_test,PAY_0
0.0,8846.0,2943.0,0.49156780485094326,0.49021567157964857,3.7243762665546172e-06,same_cohort_test,PAY_0
1.0,2179.0,737.0,0.12110688189370156,0.12282454825547506,2.4190621880241287e-05,same_cohort_test,PAY_0
2.0,1621.0,505.0,0.09010085294362792,0.08418685985510867,0.0004015056087831668,same_cohort_test,PAY_0
3.0,191.0,83.0,0.010640957964048564,0.013906236988924974,0.0008738765999188937,same_cohort_test,PAY_0
4.0,46.0,14.0,0.0025838357458394688,0.0024148555250228993,1.1429071313050251e-05,same_cohort_test,PAY_0
5.0,15.0,5.0,0.0008612785819464896,0.0009159796819052377,3.36828448950665e-06,same_cohort_test,PAY_0
6.0,7.0,3.0,0.0004167477009418498,0.000582896161212424,5.5747469612727225e-05,same_cohort_test,PAY_0
7.0,6.0,0.0,0.0003611813408162698,8.327088017320343e-05,0.00040777280836812416,same_cohort_test,PAY_0
8.0,13.0,2.0,0.0007501458616953297,0.00041635440086601716,0.00019651332950343487,same_cohort_test,PAY_0
missing,0.0,0.0,2.7783180062789987e-05,8.327088017320343e-05,6.090707871015055e-05,same_cohort_test,PAY_0
unknown,0.0,0.0,2.7783180062789987e-05,8.327088017320343e-05,6.090707871015055e-05,same_cohort_test,PAY_0
-2.0,2278.0,736.0,0.12660795154613397,0.12265800649512866,0.00012519456845774008,same_cohort_test,PAY_2
-1.0,3633.0,1205.0,0.20190036951629484,0.20076609209759347,6.390344308582827e-06,same_cohort_test,PAY_2
0.0,9453.0,3155.0,0.5252965854471703,0.5255225247730868,9.71595953780914e-08,same_cohort_test,PAY_2
1.0,18.0,5.0,0.0010279776623232295,0.0009159796819052377,1.2919474775044469e-05,same_cohort_test,PAY_2
2.0,2323.0,813.0,0.12910843775178507,0.13548172204180198,0.00030709086915768684,same_cohort_test,PAY_2
3.0,189.0,60.0,0.010529825243797405,0.010075776500957615,2.0013357554046483e-05,same_cohort_test,PAY_2
4.0,54.0,19.0,0.0030283666268441085,0.003247564326754934,1.5317945241112134e-05,same_cohort_test,PAY_2
5.0,18.0,3.0,0.0010279776623232295,0.000582896161212424,0.0002525123862496036,same_cohort_test,PAY_2
6.0,9.0,0.0,0.0005278804211930097,8.327088017320343e-05,0.0008210919500977199,same_cohort_test,PAY_2
7.0,14.0,2.0,0.0008057122218209096,0.00041635440086601716,0.0002570500662766516,same_cohort_test,PAY_2
8.0,1.0,0.0,8.334954018836996e-05,8.327088017320343e-05,7.426938945701042e-11,same_cohort_test,PAY_2
missing,0.0,0.0,2.7783180062789987e-05,8.327088017320343e-05,6.090707871015055e-05,same_cohort_test,PAY_2
unknown,0.0,0.0,2.7783180062789987e-05,8.327088017320343e-05,6.090707871015055e-05,same_cohort_test,PAY_2
-2.0,2449.0,787.0,0.13610979912760815,0.1311516362727954,0.0001839861385279005,same_cohort_test,PAY_3
-1.0,3567.0,1193.0,0.19823298974800654,0.1987675909734366,1.4397895462088806e-06,same_cohort_test,PAY_3
0.0,9461.0,3167.0,0.5257411163281749,0.5275210258972437,6.015750424940884e-06,same_cohort_test,PAY_3
1.0,2.0,1.0,0.00013891590031394995,0.0002498126405196103,6.507891834123032e-05,same_cohort_test,PAY_3
2.0,2274.0,783.0,0.12638568610563164,0.13048546923140977,0.00013088000555584655,same_cohort_test,PAY_3
3.0,134.0,45.0,0.007473675436890506,0.0075776500957615124,1.4365381485499493e-06,same_cohort_test,PAY_3
4.0,48.0,15.0,0.0026949684660906286,0.0025813972853693063,4.889883005155625e-06,same_cohort_test,PAY_3
5.0,16.0,1.0,0.0009168449420720695,0.0002498126405196103,0.0008672935193261629,same_cohort_test,PAY_3
6.0,15.0,2.0,0.0008612785819464896,0.00041635440086601716,0.0003234070162568719,same_cohort_test,PAY_3
7.0,21.0,4.0,0.0011946767426999694,0.0007494379215588309,0.00020761817128230812,same_cohort_test,PAY_3
8.0,3.0,0.0,0.0001944822604395299,8.327088017320343e-05,9.433416836069546e-05,same_cohort_test,PAY_3
missing,0.0,0.0,2.7783180062789987e-05,8.327088017320343e-05,6.090707871015055e-05,same_cohort_test,PAY_3
unknown,0.0,0.0,2.7783180062789987e-05,8.327088017320343e-05,6.090707871015055e-05,same_cohort_test,PAY_3
-2.0,2598.0,844.0,0.14438918678631957,0.1406445166125406,9.839791841980063e-05,same_cohort_test,PAY_4
-1.0,3440.0,1122.0,0.1911760620120579,0.1869431259888417,9.4776972421472e-05,same_cohort_test,PAY_4
0.0,9835.0,3335.0,0.5465229350151418,0.5555000416354401,0.00014625870350414477,same_cohort_test,PAY_4
1.0,1.0,1.0,8.334954018836996e-05,0.0002498126405196103,0.00018272123613045165,same_cohort_test,PAY_4
2.0,1892.0,638.0,0.1051593365376601,0.10633691398118078,1.3113262876883177e-05,same_cohort_test,PAY_4
3.0,110.0,28.0,0.006140082793876587,0.004746440169872595,0.00035878399413056205,same_cohort_test,PAY_4
4.0,49.0,9.0,0.0027505348262162085,0.0015821467232908651,0.0006461335348564958,same_cohort_test,PAY_4
5.0,24.0,5.0,0.0013613758230767094,0.0009159796819052377,0.0001764913025842806,same_cohort_test,PAY_4
6.0,3.0,0.0,0.0001944822604395299,8.327088017320343e-05,9.433416836069546e-05,same_cohort_test,PAY_4
7.0,36.0,16.0,0.002028172144583669,0.0027479390457157134,0.0002186048873473603,same_cohort_test,PAY_4
8.0,2.0,0.0,0.00013891590031394995,8.327088017320343e-05,2.847744116272736e-05,same_cohort_test,PAY_4
missing,0.0,0.0,2.7783180062789987e-05,8.327088017320343e-05,6.090707871015055e-05,same_cohort_test,PAY_4
unknown,0.0,0.0,2.7783180062789987e-05,8.327088017320343e-05,6.090707871015055e-05,same_cohort_test,PAY_4
-2.0,2673.0,911.0,0.14856079128695265,0.15181545636242505,7.053326893624526e-05,same_cohort_test,PAY_5
-1.0,3335.0,1098.0,0.18534674372082685,0.18296135909393738,3.0898800953966205e-05,same_cohort_test,PAY_5
0.0,10187.0,3401.0,0.5660980217826184,0.5665389740173218,3.433383932088096e-07,same_cohort_test,PAY_5
2.0,1578.0,529.0,0.08771393643031784,0.08819120586275817,2.5898807405979104e-06,same_cohort_test,PAY_5
3.0,108.0,26.0,0.006029117581684819,0.004413724183877415,0.0005038118697238322,same_cohort_test,PAY_5
4.0,62.0,11.0,0.0034729939986663703,0.0019153897401732178,0.0009269239456920089,same_cohort_test,PAY_5
5.0,8.0,6.0,0.00047232718381862637,0.0010826115922718189,0.000506206267798789,same_cohort_test,PAY_5
6.0,3.0,0.0,0.00019448766392531674,8.327781479013991e-05,9.432669846945776e-05,same_cohort_test,PAY_5
7.0,35.0,16.0,0.0019726605912424983,0.002748167888074617,0.00025712043818033555,same_cohort_test,PAY_5
8.0,1.0,0.0,8.335185596799289e-05,8.327781479013991e-05,6.5799762475863e-11,same_cohort_test,PAY_5
missing,0.0,0.0,2.7783951989330962e-05,8.327781479013991e-05,6.091692269665514e-05,same_cohort_test,PAY_5
unknown,0.0,0.0,2.7783951989330962e-05,8.327781479013991e-05,6.091692269665514e-05,same_cohort_test,PAY_5
-2.0,2892.0,992.0,0.16073016225827963,0.16530646235842772,0.00012847573866558407,same_cohort_test,PAY_6
-1.0,3467.0,1124.0,0.19268170704601023,0.18729180546302465,0.00015292112124023916,same_cohort_test,PAY_6
0.0,9741.0,3284.0,0.5413147366081351,0.5470519653564291,6.048714746881041e-05,same_cohort_test,PAY_6
2.0,1694.0,534.0,0.09415981329184263,0.08902398401065956,0.0002880566638708478,same_cohort_test,PAY_6
3.0,114.0,35.0,0.00636252500555679,0.0059127248500999334,3.2978685879353314e-05,same_cohort_test,PAY_6
4.0,33.0,9.0,0.0018615247832851744,0.0015822784810126582,4.538591352063866e-05,same_cohort_test,PAY_6
5.0,9.0,3.0,0.0005278950877972883,0.0005829447035309793,5.4606338114598625e-06,same_cohort_test,PAY_6
6.0,12.0,4.0,0.000694598799733274,0.0007495003331112591,4.17648864486379e-06,same_cohort_test,PAY_6
7.0,27.0,13.0,0.001528117359413203,0.0022485009993337777,0.00027823181234753715,same_cohort_test,PAY_6
8.0,1.0,0.0,8.335185596799289e-05,8.327781479013991e-05,6.5799762475863e-11,same_cohort_test,PAY_6
missing,0.0,0.0,2.7783951989330962e-05,8.327781479013991e-05,6.091692269665514e-05,same_cohort_test,PAY_6
unknown,0.0,0.0,2.7783951989330962e-05,8.327781479013991e-05,6.091692269665514e-05,same_cohort_test,PAY_6
"(-inf,264.9000000000001]",1799.0,572.0,0.09999722152760412,0.09536103939368702,0.00022009021955786466,same_cohort_test,BILL_AMT1
"(264.9000000000001,1884.0]",1800.0,606.0,0.10005279097552165,0.10102440243191471,9.389788603365826e-06,same_cohort_test,BILL_AMT1
"(1884.0,5993.4000000000015]",1798.0,596.0,0.09994165207968658,0.09935870742067128,3.410183959915937e-06,same_cohort_test,BILL_AMT1
"(5993.4000000000015,13406.0]",1800.0,611.0,0.10005279097552165,0.10185724993753643,3.225356026299281e-05,same_cohort_test,BILL_AMT1
"(13406.0,22496.0]",1798.0,640.0,0.09994165207968658,0.10668776547014241,0.0004406558052354116,same_cohort_test,BILL_AMT1
"(22496.0,36981.999999999985]",1799.0,562.0,0.09999722152760412,0.09369534438244358,0.00041021375621363006,same_cohort_test,BILL_AMT1
"(36981.999999999985,52708.899999999994]",1799.0,621.0,0.09999722152760412,0.10352294494877988,0.0001221694106622035,same_cohort_test,BILL_AMT1
"(52708.899999999994,83486.80000000002]",1799.0,545.0,0.09999722152760412,0.09086366286332972,0.000874832599288174,same_cohort_test,BILL_AMT1
"(83486.80000000002,142527.80000000008]",1799.0,637.0,0.09999722152760412,0.10618805696676939,0.00037187880249018495,same_cohort_test,BILL_AMT1
"(142527.80000000008,inf]",1799.0,608.0,0.09999722152760412,0.10135754143416341,1.8380478061449802e-05,same_cohort_test,BILL_AMT1
missing,0.0,0.0,2.778472395876747e-05,8.328475056217206e-05,6.092676893011514e-05,same_cohort_test,BILL_AMT1
"(-inf,0.0]",1915.0,597.0,0.10644327748603817,0.09952527692179562,0.00046489369312947365,same_cohort_test,BILL_AMT2
"(0.0,1473.0]",1697.0,576.0,0.09432913784001556,0.09602731739818439,3.029989515972418e-05,same_cohort_test,BILL_AMT2
"(1473.0,5446.4000000000015]",1785.0,582.0,0.09921924925675864,0.09702673440493045,4.8992813088644056e-05,same_cohort_test,BILL_AMT2
"(5446.4000000000015,12649.600000000004]",1799.0,579.0,0.09999722152760412,0.09652702590155743,0.00012256512532558806,same_cohort_test,BILL_AMT2
"(12649.600000000004,21292.5]",1799.0,651.0,0.09999722152760412,0.1085200299825102,0.0006971006446118068,same_cohort_test,BILL_AMT2
"(21292.5,34631.799999999996]",1799.0,574.0,0.09999722152760412,0.0956941783959357,0.00018926907708712007,same_cohort_test,BILL_AMT2
"(34631.799999999996,50749.7]",1799.0,629.0,0.09999722152760412,0.10485550095777463,0.00023048076052793122,same_cohort_test,BILL_AMT2
"(50749.7,79556.20000000001]",1799.0,540.0,0.09999722152760412,0.090030815357708,0.001046376933339606,same_cohort_test,BILL_AMT2
"(79556.20000000001,136271.7]",1799.0,646.0,0.09999722152760412,0.10768718247688848,0.0005697350944633183,same_cohort_test,BILL_AMT2
"(136271.7,inf]",1799.0,624.0,0.09999722152760412,0.1040226534521529,0.00015886888866261607,same_cohort_test,BILL_AMT2
missing,0.0,0.0,2.778472395876747e-05,8.328475056217206e-05,6.092676893011514e-05,same_cohort_test,BILL_AMT2
"(-inf,0.0]",2121.0,658.0,0.11789058375705037,0.10968601649038061,0.000591836864321558,same_cohort_test,BILL_AMT3
"(0.0,1154.4000000000005]",1477.0,485.0,0.08210385929815787,0.08086949279586908,1.8698637278669895e-05,same_cohort_test,BILL_AMT3
"(1154.4000000000005,5029.0]",1800.0,611.0,0.10005279097552165,0.10185724993753643,3.225356026299281e-05,same_cohort_test,BILL_AMT3
"(5029.0,11994.000000000002]",1798.0,593.0,0.09994165207968658,0.09885899891729824,1.1792209453492428e-05,same_cohort_test,BILL_AMT3
"(11994.000000000002,20042.0]",1800.0,644.0,0.10005279097552165,0.1073540434746398,0.0005142581229464876,same_cohort_test,BILL_AMT3
"(20042.0,31400.399999999994]",1798.0,600.0,0.09994165207968658,0.10002498542516865,6.945605484890785e-08,same_cohort_test,BILL_AMT3
"(31400.399999999994,49163.7]",1799.0,584.0,0.09999722152760412,0.09735987340717915,7.04917063734955e-05,same_cohort_test,BILL_AMT3
"(49163.7,76666.20000000003]",1799.0,559.0,0.09999722152760412,0.09319563587907054,0.00047911393365062494,same_cohort_test,BILL_AMT3
"(76666.20000000003,131675.90000000002]",1799.0,645.0,0.09999722152760412,0.10752061297576414,0.0005457481466874277,same_cohort_test,BILL_AMT3
"(131675.90000000002,inf]",1799.0,619.0,0.09999722152760412,0.1031898059465312,0.00010033548223000051,same_cohort_test,BILL_AMT3
missing,0.0,0.0,2.778472395876747e-05,8.328475056217206e-05,6.092676893011514e-05,same_cohort_test,BILL_AMT3
"(-inf,0.0]",2284.0,748.0,0.12694840376760858,0.12467727159157159,4.099884821665876e-05,same_cohort_test,BILL_AMT4
"(0.0,990.0]",1316.0,422.0,0.07315717818343474,0.0703756142250354,0.00010782298200777493,same_cohort_test,BILL_AMT4
"(990.0,4707.0]",1799.0,630.0,0.09999722152760412,0.10502207045889897,0.0002463589066270855,same_cohort_test,BILL_AMT4
"(4707.0,11001.2]",1797.0,578.0,0.09988608263176905,0.09636045640043309,0.00012669143533014138,same_cohort_test,BILL_AMT4
"(11001.2,19037.5]",1799.0,611.0,0.09999722152760412,0.10185724993753643,3.4280178067288e-05,same_cohort_test,BILL_AMT4
"(19037.5,28686.399999999998]",1799.0,641.0,0.09999722152760412,0.10685433497126676,0.0004547922253285374,same_cohort_test,BILL_AMT4
"(28686.399999999998,45404.3]",1799.0,571.0,0.09999722152760412,0.09519446989256267,0.0002363940776236244,same_cohort_test,BILL_AMT4
"(45404.3,70488.60000000002]",1799.0,572.0,0.09999722152760412,0.09536103939368702,0.00022009021955786466,same_cohort_test,BILL_AMT4
"(70488.60000000002,121749.2]",1799.0,610.0,0.09999722152760412,0.10169068043641209,2.8438696066514223e-05,same_cohort_test,BILL_AMT4
"(121749.2,inf]",1799.0,615.0,0.09999722152760412,0.10252352794203382,6.303112337619313e-05,same_cohort_test,BILL_AMT4
missing,0.0,0.0,2.778472395876747e-05,8.328475056217206e-05,6.092676893011514e-05,same_cohort_test,BILL_AMT4
"(-inf,0.0]",2459.0,839.0,0.13667305715317718,0.1398350961938869,7.232283498943907e-05,same_cohort_test,BILL_AMT5
"(0.0,780.0]",1197.0,378.0,0.06654441388124809,0.06304655617556425,0.000188870892221871,same_cohort_test,BILL_AMT5
"(780.0,3643.800000000003]",1741.0,574.0,0.0967741935483871,0.0956941783959357,1.2120900288541651e-05,same_cohort_test,BILL_AMT5
"(3643.800000000003,9734.000000000002]",1799.0,568.0,0.09999722152760412,0.09469476138918964,0.0002888977544266966,same_cohort_test,BILL_AMT5
"(9734.000000000002,18075.5]",1799.0,642.0,0.09999722152760412,0.1070209044723911,0.0004767801243466294,same_cohort_test,BILL_AMT5
"(18075.5,26798.8]",1799.0,627.0,0.09999722152760412,0.10452236195552594,0.00020027655046576568,same_cohort_test,BILL_AMT5
"(26798.8,40866.6]",1799.0,558.0,0.09999722152760412,0.0930290663779462,0.0005033127372512888,same_cohort_test,BILL_AMT5
"(40866.6,65727.40000000004]",1799.0,601.0,0.09999722152760412,0.10019155492629299,3.772986915429659e-07,same_cohort_test,BILL_AMT5
"(65727.40000000004,115578.80000000002]",1799.0,588.0,0.09999722152760412,0.09802615141167652,3.924027411490777e-05,same_cohort_test,BILL_AMT5
"(115578.80000000002,inf]",1799.0,623.0,0.09999722152760412,0.10385608395102856,0.0001461109316735307,same_cohort_test,BILL_AMT5
missing,0.0,0.0,2.778472395876747e-05,8.328475056217206e-05,6.092676893011514e-05,same_cohort_test,BILL_AMT5
"(-inf,0.0]",2802.0,939.0,0.15573337778889168,0.15649204630632133,3.686945442086366e-06,same_cohort_test,BILL_AMT6
"(0.0,486.8000000000002]",796.0,253.0,0.04426106526631658,0.042225368535021235,9.58491768030538e-05,same_cohort_test,BILL_AMT6
"(486.8000000000002,2677.7000000000007]",1799.0,569.0,0.09999722152760412,0.09486133089031398,0.00027079625617722707,same_cohort_test,BILL_AMT6
"(2677.7000000000007,8636.800000000003]",1799.0,577.0,0.09999722152760412,0.09619388689930873,0.00014748035120655512,same_cohort_test,BILL_AMT6
"(8636.800000000003,16955.5]",1799.0,628.0,0.09999722152760412,0.10468893145665029,0.00021511956691955636,same_cohort_test,BILL_AMT6
"(16955.5,25587.799999999996]",1799.0,664.0,0.09999722152760412,0.11068543349712667,0.001085386266550593,same_cohort_test,BILL_AMT6
"(25587.799999999996,39604.999999999985]",1799.0,587.0,0.09999722152760412,0.09785958191055218,4.619179991250119e-05,same_cohort_test,BILL_AMT6
"(39604.999999999985,62760.000000000015]",1799.0,561.0,0.09999722152760412,0.09352877488131923,0.00043256610912249035,same_cohort_test,BILL_AMT6
"(62760.000000000015,112360.4]",1799.0,618.0,0.09999722152760412,0.10302323644540684,9.02120362493394e-05,same_cohort_test,BILL_AMT6
"(112360.4,inf]",1799.0,602.0,0.09999722152760412,0.10035812442741734,1.3002003350541065e-06,same_cohort_test,BILL_AMT6
missing,0.0,0.0,2.778472395876747e-05,8.328475056217206e-05,6.092676893011514e-05,same_cohort_test,BILL_AMT6
"(-inf,0.0]",3112.0,1025.0,0.1729599066433275,0.1708170234030149,2.6715044871149667e-05,same_cohort_test,PAY_AMT1
"(0.0,325.0]",489.0,128.0,0.027201244755633354,0.021404180894478222,0.0013894197648265973,same_cohort_test,PAY_AMT1
"(325.0,1267.0]",1799.0,616.0,0.09999722152760412,0.10269009744315816,7.155857058507387e-05,same_cohort_test,PAY_AMT1
"(1267.0,1730.0]",1799.0,590.0,0.09999722152760412,0.09835929041392522,2.7051083795682052e-05,same_cohort_test,PAY_AMT1
"(1730.0,2117.5]",1796.0,638.0,0.09983051318385151,0.10635462646789373,0.0004130100553421904,same_cohort_test,PAY_AMT1
"(2117.5,3000.0]",1858.0,588.0,0.10327581895473868,0.09802615141167652,0.00027386974270879707,same_cohort_test,PAY_AMT1
"(3000.0,4345.5999999999985]",1740.0,595.0,0.09671862410046957,0.09919213791954692,6.246308965456393e-05,same_cohort_test,PAY_AMT1
"(4345.5999999999985,6201.4000000000015]",1799.0,603.0,0.09999722152760412,0.10052469392854169,2.775036083742475e-06,same_cohort_test,PAY_AMT1
"(6201.4000000000015,10367.1]",1799.0,589.0,0.09999722152760412,0.09819272091280086,3.286052170682429e-05,same_cohort_test,PAY_AMT1
"(10367.1,inf]",1799.0,626.0,0.09999722152760412,0.1043557924544016,0.00018595294101745913,same_cohort_test,PAY_AMT1
missing,0.0,0.0,2.778472395876747e-05,8.328475056217206e-05,6.092676893011514e-05,same_cohort_test,PAY_AMT1
"(-inf,0.0]",3233.0,1030.0,0.1796838098413492,0.17164987090863662,0.00036748784339287496,same_cohort_test,PAY_AMT2
"(0.0,255.20000000000073]",365.0,110.0,0.02031063321385902,0.018405929874240026,0.0001875593074304555,same_cohort_test,PAY_AMT2
"(255.20000000000073,1166.7000000000007]",1799.0,605.0,0.09999722152760412,0.10085783293079037,7.375034916406161e-06,same_cohort_test,PAY_AMT2
"(1166.7000000000007,1600.0]",1856.0,631.0,0.10316468005890361,0.10518863996002333,3.932303587566457e-05,same_cohort_test,PAY_AMT2
"(1600.0,2007.0]",1746.0,569.0,0.09705204078797477,0.09486133089031398,5.0016507790444584e-05,same_cohort_test,PAY_AMT2
"(2007.0,3000.0]",2146.0,696.0,0.11927981995498875,0.11601565753310569,9.057071567454515e-05,same_cohort_test,PAY_AMT2
"(3000.0,4025.0]",1449.0,517.0,0.0805479147564669,0.08619971683184809,0.00038327509790422057,same_cohort_test,PAY_AMT2
"(4025.0,6000.0]",1834.0,650.0,0.10194215220471785,0.10835346048138586,0.000391045876577013,same_cohort_test,PAY_AMT2
"(6000.0,10200.0]",1769.0,575.0,0.09833013809007808,0.09586074789706005,6.28064145369738e-05,same_cohort_test,PAY_AMT2
"(10200.0,inf]",1793.0,615.0,0.09966380484009892,0.10252352794203382,8.090083104579872e-05,same_cohort_test,PAY_AMT2
missing,0.0,0.0,2.778472395876747e-05,8.328475056217206e-05,6.092676893011514e-05,same_cohort_test,PAY_AMT2
"(-inf,0.0]",3516.0,1186.0,0.19540996360201163,0.19763471308403432,2.5185753230701627e-05,same_cohort_test,PAY_AMT3
"(0.0,10.0]",84.0,35.0,0.004695618349031702,0.005913217289914217,0.0002807299238446372,same_cohort_test,PAY_AMT3
"(10.0,780.0]",1838.0,554.0,0.10216442999638799,0.09236278837344881,0.0009885876911304762,same_cohort_test,PAY_AMT3
"(780.0,1206.0]",1759.0,591.0,0.09777444361090272,0.09852585991504956,5.752708577600452e-06,same_cohort_test,PAY_AMT3
"(1206.0,1804.0]",1800.0,587.0,0.10005279097552165,0.09785958191055218,4.861103780749896e-05,same_cohort_test,PAY_AMT3
"(1804.0,2500.0]",1879.0,644.0,0.10444277736100692,0.1073540434746398,8.003901284118528e-05,same_cohort_test,PAY_AMT3
"(2500.0,3552.899999999998]",1717.0,556.0,0.09544052679836626,0.09269592737569751,8.008400573296528e-05,same_cohort_test,PAY_AMT3
"(3552.899999999998,5243.200000000001]",1799.0,620.0,0.09999722152760412,0.10335637544765554,0.00011098836452888315,same_cohort_test,PAY_AMT3
"(5243.200000000001,10000.0]",1882.0,666.0,0.10460948570475952,0.11101857249937537,0.000381105284779927,same_cohort_test,PAY_AMT3
"(10000.0,inf]",1716.0,559.0,0.09538495735044872,0.09319563587907054,5.083602484716172e-05,same_cohort_test,PAY_AMT3
missing,0.0,0.0,2.778472395876747e-05,8.328475056217206e-05,6.092676893011514e-05,same_cohort_test,PAY_AMT3
"(-inf,0.0]",3841.0,1267.0,0.213475965545985,0.21114442778610695,2.5604624950003386e-05,same_cohort_test,PAY_AMT4
"(0.0,503.7000000000007]",1556.0,542.0,0.0864962489580439,0.09037148092620356,0.00016984247620691805,same_cohort_test,PAY_AMT4
"(503.7000000000007,1000.0]",2266.0,751.0,0.12595165323701027,0.12518740629685157,4.6514085828921375e-06,same_cohort_test,PAY_AMT4
"(1000.0,1500.0]",1410.0,470.0,0.0783828841344818,0.07837747792770282,3.728885461124776e-10,same_cohort_test,PAY_AMT4
"(1500.0,2100.0]",1749.0,540.0,0.0972214504028897,0.09003831417624521,0.0005513493606697166,same_cohort_test,PAY_AMT4
"(2100.0,3171.2999999999993]",1771.0,574.0,0.09844401222561823,0.09570214892553723,7.745004259536499e-05,same_cohort_test,PAY_AMT4
"(3171.2999999999993,5000.0]",1915.0,693.0,0.10644623506529592,0.1155255705480593,0.000743160613728897,same_cohort_test,PAY_AMT4
"(5000.0,9606.2]",1683.0,569.0,0.09355376493470409,0.09486923205064135,1.836805354077615e-05,same_cohort_test,PAY_AMT4
"(9606.2,inf]",1799.0,592.0,0.1,0.09870064967516241,1.699375754429262e-05,same_cohort_test,PAY_AMT4
missing,0.0,0.0,2.7785495971103084e-05,8.329168748958855e-05,6.09366174112044e-05,same_cohort_test,PAY_AMT4
"(-inf,0.0]",4032.0,1350.0,0.2240900250069464,0.22497084790937866,3.455433448975794e-06,same_cohort_test,PAY_AMT5
"(0.0,500.0]",1456.0,475.0,0.08093914976382328,0.0792103948025987,3.732398756614839e-05,same_cohort_test,PAY_AMT5
"(500.0,1000.0]",2169.0,695.0,0.12056126701861629,0.11585873729801766,0.00018709671255107214,same_cohort_test,PAY_AMT5
"(1000.0,1500.0]",1353.0,489.0,0.07521533759377605,0.08154256205230719,0.0005110496042774024,same_cohort_test,PAY_AMT5
"(1500.0,2129.0]",1785.0,570.0,0.09922200611280911,0.09503581542562052,0.00018044993773400208,same_cohort_test,PAY_AMT5
"(2129.0,3200.0]",1821.0,572.0,0.10122256182272854,0.09536898217557888,0.00034868769342694323,same_cohort_test,PAY_AMT5
"(3200.0,5000.0]",1879.0,675.0,0.10444567935537649,0.11252706979843412,0.0006022792937120779,same_cohort_test,PAY_AMT5
"(5000.0,9389.000000000011]",1696.0,543.0,0.09427618782995277,0.09053806430118275,0.00015123804990329213,same_cohort_test,PAY_AMT5
"(9389.000000000011,inf]",1799.0,629.0,0.1,0.10486423454939198,0.00023103325640793797,same_cohort_test,PAY_AMT5
missing,0.0,0.0,2.7785495971103084e-05,8.329168748958855e-05,6.09366174112044e-05,same_cohort_test,PAY_AMT5
"(-inf,0.0]",4324.0,1417.0,0.24031675465407057,0.23613193403298352,7.351546733653377e-05,same_cohort_test,PAY_AMT6
"(0.0,419.7000000000007]",1073.0,376.0,0.05965545984995832,0.06271864067966017,0.00015338273695026885,same_cohort_test,PAY_AMT6
"(419.7000000000007,1000.0]",2393.0,802.0,0.13300916921367045,0.1336831584207896,3.4066403217655418e-06,same_cohort_test,PAY_AMT6
"(1000.0,1500.0]",1319.0,441.0,0.07332592386774103,0.07354656005330668,6.628928945742541e-07,same_cohort_test,PAY_AMT6
"(1500.0,2100.0]",1693.0,565.0,0.09410947485412614,0.09420289855072464,9.269691252230138e-08,same_cohort_test,PAY_AMT6
"(2100.0,3200.0]",1818.0,570.0,0.10105584884690191,0.09503581542562052,0.00036974742985734625,same_cohort_test,PAY_AMT6
"(3200.0,5000.0]",1933.0,693.0,0.10744651292025563,0.1155255705480593,0.0005857213850444622,same_cohort_test,PAY_AMT6
"(5000.0,9629.000000000007]",1638.0,534.0,0.0910530702973048,0.08903881392637014,4.5059197844543865e-05,same_cohort_test,PAY_AMT6
"(9629.000000000007,inf]",1799.0,600.0,0.1,0.10003331667499583,1.10981596615224e-08,same_cohort_test,PAY_AMT6
missing,0.0,0.0,2.7785495971103084e-05,8.329168748958855e-05,6.09366174112044e-05,same_cohort_test,PAY_AMT6
"(-inf,0.0011703703703703704]",1800.0,557.0,0.10005279097552165,0.09286249687682185,0.0005362383687988069,same_cohort_test,utilization_latest
"(0.0011703703703703704,0.011397000000000003]",1798.0,637.0,0.09994165207968658,0.10618805696676939,0.0003786889711985859,same_cohort_test,utilization_latest
"(0.011397000000000003,0.0400826666666667]",1799.0,569.0,0.09999722152760412,0.09486133089031398,0.00027079625617722707,same_cohort_test,utilization_latest
"(0.0400826666666667,0.12912049019607846]",1799.0,618.0,0.09999722152760412,0.10302323644540684,9.02120362493394e-05,same_cohort_test,utilization_latest
"(0.12912049019607846,0.30643]",1799.0,549.0,0.09999722152760412,0.0915299408678271,0.000749153321109268,same_cohort_test,utilization_latest
"(0.30643,0.513176]",1799.0,568.0,0.09999722152760412,0.09469476138918964,0.0002888977544266966,same_cohort_test,utilization_latest
"(0.513176,0.7270989999999998]",1799.0,608.0,0.09999722152760412,0.10135754143416341,1.8380478061449802e-05,same_cohort_test,utilization_latest
"(0.7270989999999998,0.8991422222222223]",1799.0,639.0,0.09999722152760412,0.10652119596901807,0.00041232554249929116,same_cohort_test,utilization_latest
"(0.8991422222222223,0.9813870394736842]",1799.0,635.0,0.09999722152760412,0.10585491796452069,0.00033346142049211596,same_cohort_test,utilization_latest
"(0.9813870394736842,inf]",1799.0,618.0,0.09999722152760412,0.10302323644540684,9.02120362493394e-05,same_cohort_test,utilization_latest
missing,0.0,0.0,2.778472395876747e-05,8.328475056217206e-05,6.092676893011514e-05,same_cohort_test,utilization_latest
"(-inf,0.004192294610151753]",1799.0,582.0,0.09999722152760412,0.09702673440493045,8.957755794019185e-05,same_cohort_test,utilization_mean
"(0.004192294610151753,0.01725838095238096]",1799.0,579.0,0.09999722152760412,0.09652702590155743,0.00012256512532558806,same_cohort_test,utilization_mean
"(0.01725838095238096,0.05026284313725491]",1799.0,601.0,0.09999722152760412,0.10019155492629299,3.772986915429659e-07,same_cohort_test,utilization_mean
"(0.05026284313725491,0.12953424603174604]",1799.0,580.0,0.09999722152760412,0.09669359540268177,0.00011098608686396155,same_cohort_test,utilization_mean
"(0.12953424603174604,0.27706425925925926]",1799.0,571.0,0.09999722152760412,0.09519446989256267,0.0002363940776236244,same_cohort_test,utilization_mean
"(0.27706425925925926,0.44306]",1799.0,595.0,0.09999722152760412,0.09919213791954692,6.508009737803484e-06,same_cohort_test,utilization_mean
"(0.44306,0.6067449999999999]",1799.0,603.0,0.09999722152760412,0.10052469392854169,2.775036083742475e-06,same_cohort_test,utilization_mean
"(0.6067449999999999,0.754266935483871]",1799.0,637.0,0.09999722152760412,0.10618805696676939,0.00037187880249018495,same_cohort_test,utilization_mean
"(0.754266935483871,0.8882733333333335]",1799.0,621.0,0.09999722152760412,0.10352294494877988,0.0001221694106622035,same_cohort_test,utilization_mean
"(0.8882733333333335,inf]",1799.0,629.0,0.09999722152760412,0.10485550095777463,0.00023048076052793122,same_cohort_test,utilization_mean
missing,0.0,0.0,2.778472395876747e-05,8.328475056217206e-05,6.092676893011514e-05,same_cohort_test,utilization_mean
"(-inf,0.0]",11979.0,3971.0,0.6658051966096985,0.6618615115407049,2.3428617392566338e-05,same_cohort_test,delayed_months
"(0.0,1.0]",2630.0,906.0,0.14619980547450326,0.15107074410465796,0.000159640212487195,same_cohort_test,delayed_months
"(1.0,3.0]",1819.0,610.0,0.10112546894539391,0.10174152153987168,3.7415842259530067e-06,same_cohort_test,delayed_months
"(3.0,inf]",1562.0,511.0,0.08684173961372794,0.08524289642529789,2.9710648897296907e-05,same_cohort_test,delayed_months
missing,0.0,0.0,2.778935667639294e-05,8.332638946754438e-05,6.098589355469082e-05,same_cohort_test,delayed_months
"(-inf,0.0]",11979.0,3971.0,0.6658051966096985,0.6618615115407049,2.3428617392566338e-05,same_cohort_test,max_delay
"(0.0,1.0]",1010.0,316.0,0.05616228984299013,0.052745604532955584,0.00021444856081168236,same_cohort_test,max_delay
"(1.0,2.0]",4277.0,1479.0,0.2377379463665416,0.2465627864344638,0.0003216448708153302,same_cohort_test,max_delay
"(2.0,inf]",724.0,232.0,0.040266777824093374,0.03874677110240813,5.8488842408705794e-05,same_cohort_test,max_delay
missing,0.0,0.0,2.778935667639294e-05,8.332638946754438e-05,6.098589355469082e-05,same_cohort_test,max_delay
"(-inf,0.03265735296510853]",1799.0,610.0,0.09999722152760412,0.10169068043641209,2.8438696066514223e-05,same_cohort_test,payment_bill_ratio
"(0.03265735296510853,0.03882049233840452]",1799.0,610.0,0.09999722152760412,0.10169068043641209,2.8438696066514223e-05,same_cohort_test,payment_bill_ratio
"(0.03882049233840452,0.04506717891940391]",1799.0,610.0,0.09999722152760412,0.10169068043641209,2.8438696066514223e-05,same_cohort_test,payment_bill_ratio
"(0.04506717891940391,0.057379878386215666]",1799.0,578.0,0.09999722152760412,0.09636045640043309,0.0001347293710349037,same_cohort_test,payment_bill_ratio
"(0.057379878386215666,0.09007327907112375]",1799.0,655.0,0.09999722152760412,0.10918630798700758,0.0008078426374609574,same_cohort_test,payment_bill_ratio
"(0.09007327907112375,0.19407982391145692]",1799.0,549.0,0.09999722152760412,0.0915299408678271,0.000749153321109268,same_cohort_test,payment_bill_ratio
"(0.19407982391145692,0.4421495733175087]",1799.0,604.0,0.09999722152760412,0.10069126342966603,4.800435682867347e-06,same_cohort_test,payment_bill_ratio
"(0.4421495733175087,0.7871635454334682]",1799.0,586.0,0.09999722152760412,0.09769301240942783,5.3716564628845623e-05,same_cohort_test,payment_bill_ratio
"(0.7871635454334682,1.0000922095958336]",1799.0,564.0,0.09999722152760412,0.09402848338469226,0.0003673438986164244,same_cohort_test,payment_bill_ratio
"(1.0000922095958336,inf]",1799.0,632.0,0.09999722152760412,0.10535520946114767,0.00027966118339369157,same_cohort_test,payment_bill_ratio
missing,0.0,0.0,2.778472395876747e-05,8.328475056217206e-05,6.092676893011514e-05,same_cohort_test,payment_bill_ratio
"(-inf,0.051163546142641785]",1799.0,547.0,0.09999722152760412,0.09119680186557841,0.0008107172910948099,same_cohort_test,model_probability
"(0.051163546142641785,0.07467731266637229]",1799.0,578.0,0.09999722152760412,0.09636045640043309,0.0001347293710349037,same_cohort_test,model_probability
"(0.07467731266637229,0.09798170353875275]",1799.0,601.0,0.09999722152760412,0.10019155492629299,3.772986915429659e-07,same_cohort_test,model_probability
"(0.09798170353875275,0.12327273750037893]",1799.0,616.0,0.09999722152760412,0.10269009744315816,7.155857058507387e-05,same_cohort_test,model_probability
"(0.12327273750037893,0.15086791475805283]",1799.0,622.0,0.09999722152760412,0.10368951444990422,0.00013387735358801956,same_cohort_test,model_probability
"(0.15086791475805283,0.18204149659728103]",1799.0,645.0,0.09999722152760412,0.10752061297576414,0.0005457481466874277,same_cohort_test,model_probability
"(0.18204149659728103,0.22895396483807862]",1799.0,575.0,0.09999722152760412,0.09586074789706005,0.0001747486592308742,same_cohort_test,model_probability
"(0.22895396483807862,0.33730474582446146]",1799.0,609.0,0.09999722152760412,0.10152411093528775,2.313835314519077e-05,same_cohort_test,model_probability
"(0.33730474582446146,0.5607546254942513]",1799.0,645.0,0.09999722152760412,0.10752061297576414,0.0005457481466874277,same_cohort_test,model_probability
"(0.5607546254942513,inf]",1799.0,560.0,0.09999722152760412,0.0933622053801949,0.0004555322809330967,same_cohort_test,model_probability
missing,0.0,0.0,2.778472395876747e-05,8.328475056217206e-05,6.092676893011514e-05,same_cohort_test,model_probability
"(-inf,30000.0]",2375.0,929.0,0.13200522352810426,0.15482635129507788,0.0036391182100185488,simulated_limit_status_shift,LIMIT_BAL
"(30000.0,50000.0]",2144.0,965.0,0.11916868105915368,0.16082285333555427,0.012486400140607371,simulated_limit_status_shift,LIMIT_BAL
"(50000.0,70000.0]",944.0,665.0,0.05248534355811175,0.11085200299825101,0.04363853595951338,simulated_limit_status_shift,LIMIT_BAL
"(70000.0,100000.0]",1951.0,600.0,0.10844377761106944,0.10002498542516865,0.0006803381792918257,simulated_limit_status_shift,LIMIT_BAL
"(100000.0,140000.0]",1657.0,963.0,0.09210635992331416,0.16048971433330558,0.03797230975959364,simulated_limit_status_shift,LIMIT_BAL
"(140000.0,180000.0]",2010.0,591.0,0.111722375038204,0.09852585991504956,0.0016587748818474987,simulated_limit_status_shift,LIMIT_BAL
"(180000.0,220000.0]",1792.0,465.0,0.09960823539218137,0.07753810277338219,0.005528024889751984,simulated_limit_status_shift,LIMIT_BAL
"(220000.0,280000.0]",1758.0,453.0,0.09771887416298519,0.07553926875989006,0.005709963930569561,simulated_limit_status_shift,LIMIT_BAL
"(280000.0,360000.0]",1884.0,331.0,0.10472062460059459,0.05521778962272008,0.03168235440874944,simulated_limit_status_shift,LIMIT_BAL
"(360000.0,inf]",1475.0,36.0,0.0819927204023228,0.006079786791038561,0.19749970659883853,simulated_limit_status_shift,LIMIT_BAL
missing,0.0,0.0,2.778472395876747e-05,8.328475056217206e-05,6.092676893011514e-05,simulated_limit_status_shift,LIMIT_BAL
-2.0,1654.0,557.0,0.09193454282777207,0.09284703139312182,9.012177254923892e-06,simulated_limit_status_shift,PAY_0
-1.0,3412.0,1149.0,0.18962020392854165,0.1914397535181947,1.737671884436165e-05,simulated_limit_status_shift,PAY_0
0.0,8846.0,0.0,0.49156780485094326,8.327088017320343e-05,4.267686153191961,simulated_limit_status_shift,PAY_0
1.0,2179.0,2943.0,0.12110688189370156,0.49021567157964857,0.5160775611155619,simulated_limit_status_shift,PAY_0
2.0,1621.0,737.0,0.09010085294362792,0.12282454825547506,0.010138693146554623,simulated_limit_status_shift,PAY_0
3.0,191.0,505.0,0.010640957964048564,0.08418685985510867,0.1521170728975315,simulated_limit_status_shift,PAY_0
4.0,46.0,83.0,0.0025838357458394688,0.013906236988924974,0.019056308100821224,simulated_limit_status_shift,PAY_0
5.0,15.0,14.0,0.0008612785819464896,0.0024148555250228993,0.0016017016795711043,simulated_limit_status_shift,PAY_0
6.0,7.0,5.0,0.0004167477009418498,0.0009159796819052377,0.00039315176394887297,simulated_limit_status_shift,PAY_0
7.0,6.0,3.0,0.0003611813408162698,0.000582896161212424,0.00010611912016094098,simulated_limit_status_shift,PAY_0
8.0,13.0,2.0,0.0007501458616953297,0.00041635440086601716,0.00019651332950343487,simulated_limit_status_shift,PAY_0
missing,0.0,0.0,2.7783180062789987e-05,8.327088017320343e-05,6.090707871015055e-05,simulated_limit_status_shift,PAY_0
unknown,0.0,0.0,2.7783180062789987e-05,8.327088017320343e-05,6.090707871015055e-05,simulated_limit_status_shift,PAY_0
-2.0,2278.0,736.0,0.12660795154613397,0.12265800649512866,0.00012519456845774008,simulated_limit_status_shift,PAY_2
-1.0,3633.0,1205.0,0.20190036951629484,0.20076609209759347,6.390344308582827e-06,simulated_limit_status_shift,PAY_2
0.0,9453.0,3155.0,0.5252965854471703,0.5255225247730868,9.71595953780914e-08,simulated_limit_status_shift,PAY_2
1.0,18.0,5.0,0.0010279776623232295,0.0009159796819052377,1.2919474775044469e-05,simulated_limit_status_shift,PAY_2
2.0,2323.0,813.0,0.12910843775178507,0.13548172204180198,0.00030709086915768684,simulated_limit_status_shift,PAY_2
3.0,189.0,60.0,0.010529825243797405,0.010075776500957615,2.0013357554046483e-05,simulated_limit_status_shift,PAY_2
4.0,54.0,19.0,0.0030283666268441085,0.003247564326754934,1.5317945241112134e-05,simulated_limit_status_shift,PAY_2
5.0,18.0,3.0,0.0010279776623232295,0.000582896161212424,0.0002525123862496036,simulated_limit_status_shift,PAY_2
6.0,9.0,0.0,0.0005278804211930097,8.327088017320343e-05,0.0008210919500977199,simulated_limit_status_shift,PAY_2
7.0,14.0,2.0,0.0008057122218209096,0.00041635440086601716,0.0002570500662766516,simulated_limit_status_shift,PAY_2
8.0,1.0,0.0,8.334954018836996e-05,8.327088017320343e-05,7.426938945701042e-11,simulated_limit_status_shift,PAY_2
missing,0.0,0.0,2.7783180062789987e-05,8.327088017320343e-05,6.090707871015055e-05,simulated_limit_status_shift,PAY_2
unknown,0.0,0.0,2.7783180062789987e-05,8.327088017320343e-05,6.090707871015055e-05,simulated_limit_status_shift,PAY_2
-2.0,2449.0,787.0,0.13610979912760815,0.1311516362727954,0.0001839861385279005,simulated_limit_status_shift,PAY_3
-1.0,3567.0,1193.0,0.19823298974800654,0.1987675909734366,1.4397895462088806e-06,simulated_limit_status_shift,PAY_3
0.0,9461.0,3167.0,0.5257411163281749,0.5275210258972437,6.015750424940884e-06,simulated_limit_status_shift,PAY_3
1.0,2.0,1.0,0.00013891590031394995,0.0002498126405196103,6.507891834123032e-05,simulated_limit_status_shift,PAY_3
2.0,2274.0,783.0,0.12638568610563164,0.13048546923140977,0.00013088000555584655,simulated_limit_status_shift,PAY_3
3.0,134.0,45.0,0.007473675436890506,0.0075776500957615124,1.4365381485499493e-06,simulated_limit_status_shift,PAY_3
4.0,48.0,15.0,0.0026949684660906286,0.0025813972853693063,4.889883005155625e-06,simulated_limit_status_shift,PAY_3
5.0,16.0,1.0,0.0009168449420720695,0.0002498126405196103,0.0008672935193261629,simulated_limit_status_shift,PAY_3
6.0,15.0,2.0,0.0008612785819464896,0.00041635440086601716,0.0003234070162568719,simulated_limit_status_shift,PAY_3
7.0,21.0,4.0,0.0011946767426999694,0.0007494379215588309,0.00020761817128230812,simulated_limit_status_shift,PAY_3
8.0,3.0,0.0,0.0001944822604395299,8.327088017320343e-05,9.433416836069546e-05,simulated_limit_status_shift,PAY_3
missing,0.0,0.0,2.7783180062789987e-05,8.327088017320343e-05,6.090707871015055e-05,simulated_limit_status_shift,PAY_3
unknown,0.0,0.0,2.7783180062789987e-05,8.327088017320343e-05,6.090707871015055e-05,simulated_limit_status_shift,PAY_3
-2.0,2598.0,844.0,0.14438918678631957,0.1406445166125406,9.839791841980063e-05,simulated_limit_status_shift,PAY_4
-1.0,3440.0,1122.0,0.1911760620120579,0.1869431259888417,9.4776972421472e-05,simulated_limit_status_shift,PAY_4
0.0,9835.0,3335.0,0.5465229350151418,0.5555000416354401,0.00014625870350414477,simulated_limit_status_shift,PAY_4
1.0,1.0,1.0,8.334954018836996e-05,0.0002498126405196103,0.00018272123613045165,simulated_limit_status_shift,PAY_4
2.0,1892.0,638.0,0.1051593365376601,0.10633691398118078,1.3113262876883177e-05,simulated_limit_status_shift,PAY_4
3.0,110.0,28.0,0.006140082793876587,0.004746440169872595,0.00035878399413056205,simulated_limit_status_shift,PAY_4
4.0,49.0,9.0,0.0027505348262162085,0.0015821467232908651,0.0006461335348564958,simulated_limit_status_shift,PAY_4
5.0,24.0,5.0,0.0013613758230767094,0.0009159796819052377,0.0001764913025842806,simulated_limit_status_shift,PAY_4
6.0,3.0,0.0,0.0001944822604395299,8.327088017320343e-05,9.433416836069546e-05,simulated_limit_status_shift,PAY_4
7.0,36.0,16.0,0.002028172144583669,0.0027479390457157134,0.0002186048873473603,simulated_limit_status_shift,PAY_4
8.0,2.0,0.0,0.00013891590031394995,8.327088017320343e-05,2.847744116272736e-05,simulated_limit_status_shift,PAY_4
missing,0.0,0.0,2.7783180062789987e-05,8.327088017320343e-05,6.090707871015055e-05,simulated_limit_status_shift,PAY_4
unknown,0.0,0.0,2.7783180062789987e-05,8.327088017320343e-05,6.090707871015055e-05,simulated_limit_status_shift,PAY_4
-2.0,2673.0,911.0,0.14856079128695265,0.15181545636242505,7.053326893624526e-05,simulated_limit_status_shift,PAY_5
-1.0,3335.0,1098.0,0.18534674372082685,0.18296135909393738,3.0898800953966205e-05,simulated_limit_status_shift,PAY_5
0.0,10187.0,3401.0,0.5660980217826184,0.5665389740173218,3.433383932088096e-07,simulated_limit_status_shift,PAY_5
2.0,1578.0,529.0,0.08771393643031784,0.08819120586275817,2.5898807405979104e-06,simulated_limit_status_shift,PAY_5
3.0,108.0,26.0,0.006029117581684819,0.004413724183877415,0.0005038118697238322,simulated_limit_status_shift,PAY_5
4.0,62.0,11.0,0.0034729939986663703,0.0019153897401732178,0.0009269239456920089,simulated_limit_status_shift,PAY_5
5.0,8.0,6.0,0.00047232718381862637,0.0010826115922718189,0.000506206267798789,simulated_limit_status_shift,PAY_5
6.0,3.0,0.0,0.00019448766392531674,8.327781479013991e-05,9.432669846945776e-05,simulated_limit_status_shift,PAY_5
7.0,35.0,16.0,0.0019726605912424983,0.002748167888074617,0.00025712043818033555,simulated_limit_status_shift,PAY_5
8.0,1.0,0.0,8.335185596799289e-05,8.327781479013991e-05,6.5799762475863e-11,simulated_limit_status_shift,PAY_5
missing,0.0,0.0,2.7783951989330962e-05,8.327781479013991e-05,6.091692269665514e-05,simulated_limit_status_shift,PAY_5
unknown,0.0,0.0,2.7783951989330962e-05,8.327781479013991e-05,6.091692269665514e-05,simulated_limit_status_shift,PAY_5
-2.0,2892.0,992.0,0.16073016225827963,0.16530646235842772,0.00012847573866558407,simulated_limit_status_shift,PAY_6
-1.0,3467.0,1124.0,0.19268170704601023,0.18729180546302465,0.00015292112124023916,simulated_limit_status_shift,PAY_6
0.0,9741.0,3284.0,0.5413147366081351,0.5470519653564291,6.048714746881041e-05,simulated_limit_status_shift,PAY_6
2.0,1694.0,534.0,0.09415981329184263,0.08902398401065956,0.0002880566638708478,simulated_limit_status_shift,PAY_6
3.0,114.0,35.0,0.00636252500555679,0.0059127248500999334,3.2978685879353314e-05,simulated_limit_status_shift,PAY_6
4.0,33.0,9.0,0.0018615247832851744,0.0015822784810126582,4.538591352063866e-05,simulated_limit_status_shift,PAY_6
5.0,9.0,3.0,0.0005278950877972883,0.0005829447035309793,5.4606338114598625e-06,simulated_limit_status_shift,PAY_6
6.0,12.0,4.0,0.000694598799733274,0.0007495003331112591,4.17648864486379e-06,simulated_limit_status_shift,PAY_6
7.0,27.0,13.0,0.001528117359413203,0.0022485009993337777,0.00027823181234753715,simulated_limit_status_shift,PAY_6
8.0,1.0,0.0,8.335185596799289e-05,8.327781479013991e-05,6.5799762475863e-11,simulated_limit_status_shift,PAY_6
missing,0.0,0.0,2.7783951989330962e-05,8.327781479013991e-05,6.091692269665514e-05,simulated_limit_status_shift,PAY_6
unknown,0.0,0.0,2.7783951989330962e-05,8.327781479013991e-05,6.091692269665514e-05,simulated_limit_status_shift,PAY_6
"(-inf,264.9000000000001]",1799.0,572.0,0.09999722152760412,0.09536103939368702,0.00022009021955786466,simulated_limit_status_shift,BILL_AMT1
"(264.9000000000001,1884.0]",1800.0,606.0,0.10005279097552165,0.10102440243191471,9.389788603365826e-06,simulated_limit_status_shift,BILL_AMT1
"(1884.0,5993.4000000000015]",1798.0,596.0,0.09994165207968658,0.09935870742067128,3.410183959915937e-06,simulated_limit_status_shift,BILL_AMT1
"(5993.4000000000015,13406.0]",1800.0,611.0,0.10005279097552165,0.10185724993753643,3.225356026299281e-05,simulated_limit_status_shift,BILL_AMT1
"(13406.0,22496.0]",1798.0,640.0,0.09994165207968658,0.10668776547014241,0.0004406558052354116,simulated_limit_status_shift,BILL_AMT1
"(22496.0,36981.999999999985]",1799.0,562.0,0.09999722152760412,0.09369534438244358,0.00041021375621363006,simulated_limit_status_shift,BILL_AMT1
"(36981.999999999985,52708.899999999994]",1799.0,621.0,0.09999722152760412,0.10352294494877988,0.0001221694106622035,simulated_limit_status_shift,BILL_AMT1
"(52708.899999999994,83486.80000000002]",1799.0,545.0,0.09999722152760412,0.09086366286332972,0.000874832599288174,simulated_limit_status_shift,BILL_AMT1
"(83486.80000000002,142527.80000000008]",1799.0,637.0,0.09999722152760412,0.10618805696676939,0.00037187880249018495,simulated_limit_status_shift,BILL_AMT1
"(142527.80000000008,inf]",1799.0,608.0,0.09999722152760412,0.10135754143416341,1.8380478061449802e-05,simulated_limit_status_shift,BILL_AMT1
missing,0.0,0.0,2.778472395876747e-05,8.328475056217206e-05,6.092676893011514e-05,simulated_limit_status_shift,BILL_AMT1
"(-inf,0.0]",1915.0,597.0,0.10644327748603817,0.09952527692179562,0.00046489369312947365,simulated_limit_status_shift,BILL_AMT2
"(0.0,1473.0]",1697.0,576.0,0.09432913784001556,0.09602731739818439,3.029989515972418e-05,simulated_limit_status_shift,BILL_AMT2
"(1473.0,5446.4000000000015]",1785.0,582.0,0.09921924925675864,0.09702673440493045,4.8992813088644056e-05,simulated_limit_status_shift,BILL_AMT2
"(5446.4000000000015,12649.600000000004]",1799.0,579.0,0.09999722152760412,0.09652702590155743,0.00012256512532558806,simulated_limit_status_shift,BILL_AMT2
"(12649.600000000004,21292.5]",1799.0,651.0,0.09999722152760412,0.1085200299825102,0.0006971006446118068,simulated_limit_status_shift,BILL_AMT2
"(21292.5,34631.799999999996]",1799.0,574.0,0.09999722152760412,0.0956941783959357,0.00018926907708712007,simulated_limit_status_shift,BILL_AMT2
"(34631.799999999996,50749.7]",1799.0,629.0,0.09999722152760412,0.10485550095777463,0.00023048076052793122,simulated_limit_status_shift,BILL_AMT2
"(50749.7,79556.20000000001]",1799.0,540.0,0.09999722152760412,0.090030815357708,0.001046376933339606,simulated_limit_status_shift,BILL_AMT2
"(79556.20000000001,136271.7]",1799.0,646.0,0.09999722152760412,0.10768718247688848,0.0005697350944633183,simulated_limit_status_shift,BILL_AMT2
"(136271.7,inf]",1799.0,624.0,0.09999722152760412,0.1040226534521529,0.00015886888866261607,simulated_limit_status_shift,BILL_AMT2
missing,0.0,0.0,2.778472395876747e-05,8.328475056217206e-05,6.092676893011514e-05,simulated_limit_status_shift,BILL_AMT2
"(-inf,0.0]",2121.0,658.0,0.11789058375705037,0.10968601649038061,0.000591836864321558,simulated_limit_status_shift,BILL_AMT3
"(0.0,1154.4000000000005]",1477.0,485.0,0.08210385929815787,0.08086949279586908,1.8698637278669895e-05,simulated_limit_status_shift,BILL_AMT3
"(1154.4000000000005,5029.0]",1800.0,611.0,0.10005279097552165,0.10185724993753643,3.225356026299281e-05,simulated_limit_status_shift,BILL_AMT3
"(5029.0,11994.000000000002]",1798.0,593.0,0.09994165207968658,0.09885899891729824,1.1792209453492428e-05,simulated_limit_status_shift,BILL_AMT3
"(11994.000000000002,20042.0]",1800.0,644.0,0.10005279097552165,0.1073540434746398,0.0005142581229464876,simulated_limit_status_shift,BILL_AMT3
"(20042.0,31400.399999999994]",1798.0,600.0,0.09994165207968658,0.10002498542516865,6.945605484890785e-08,simulated_limit_status_shift,BILL_AMT3
"(31400.399999999994,49163.7]",1799.0,584.0,0.09999722152760412,0.09735987340717915,7.04917063734955e-05,simulated_limit_status_shift,BILL_AMT3
"(49163.7,76666.20000000003]",1799.0,559.0,0.09999722152760412,0.09319563587907054,0.00047911393365062494,simulated_limit_status_shift,BILL_AMT3
"(76666.20000000003,131675.90000000002]",1799.0,645.0,0.09999722152760412,0.10752061297576414,0.0005457481466874277,simulated_limit_status_shift,BILL_AMT3
"(131675.90000000002,inf]",1799.0,619.0,0.09999722152760412,0.1031898059465312,0.00010033548223000051,simulated_limit_status_shift,BILL_AMT3
missing,0.0,0.0,2.778472395876747e-05,8.328475056217206e-05,6.092676893011514e-05,simulated_limit_status_shift,BILL_AMT3
"(-inf,0.0]",2284.0,748.0,0.12694840376760858,0.12467727159157159,4.099884821665876e-05,simulated_limit_status_shift,BILL_AMT4
"(0.0,990.0]",1316.0,422.0,0.07315717818343474,0.0703756142250354,0.00010782298200777493,simulated_limit_status_shift,BILL_AMT4
"(990.0,4707.0]",1799.0,630.0,0.09999722152760412,0.10502207045889897,0.0002463589066270855,simulated_limit_status_shift,BILL_AMT4
"(4707.0,11001.2]",1797.0,578.0,0.09988608263176905,0.09636045640043309,0.00012669143533014138,simulated_limit_status_shift,BILL_AMT4
"(11001.2,19037.5]",1799.0,611.0,0.09999722152760412,0.10185724993753643,3.4280178067288e-05,simulated_limit_status_shift,BILL_AMT4
"(19037.5,28686.399999999998]",1799.0,641.0,0.09999722152760412,0.10685433497126676,0.0004547922253285374,simulated_limit_status_shift,BILL_AMT4
"(28686.399999999998,45404.3]",1799.0,571.0,0.09999722152760412,0.09519446989256267,0.0002363940776236244,simulated_limit_status_shift,BILL_AMT4
"(45404.3,70488.60000000002]",1799.0,572.0,0.09999722152760412,0.09536103939368702,0.00022009021955786466,simulated_limit_status_shift,BILL_AMT4
"(70488.60000000002,121749.2]",1799.0,610.0,0.09999722152760412,0.10169068043641209,2.8438696066514223e-05,simulated_limit_status_shift,BILL_AMT4
"(121749.2,inf]",1799.0,615.0,0.09999722152760412,0.10252352794203382,6.303112337619313e-05,simulated_limit_status_shift,BILL_AMT4
missing,0.0,0.0,2.778472395876747e-05,8.328475056217206e-05,6.092676893011514e-05,simulated_limit_status_shift,BILL_AMT4
"(-inf,0.0]",2459.0,839.0,0.13667305715317718,0.1398350961938869,7.232283498943907e-05,simulated_limit_status_shift,BILL_AMT5
"(0.0,780.0]",1197.0,378.0,0.06654441388124809,0.06304655617556425,0.000188870892221871,simulated_limit_status_shift,BILL_AMT5
"(780.0,3643.800000000003]",1741.0,574.0,0.0967741935483871,0.0956941783959357,1.2120900288541651e-05,simulated_limit_status_shift,BILL_AMT5
"(3643.800000000003,9734.000000000002]",1799.0,568.0,0.09999722152760412,0.09469476138918964,0.0002888977544266966,simulated_limit_status_shift,BILL_AMT5
"(9734.000000000002,18075.5]",1799.0,642.0,0.09999722152760412,0.1070209044723911,0.0004767801243466294,simulated_limit_status_shift,BILL_AMT5
"(18075.5,26798.8]",1799.0,627.0,0.09999722152760412,0.10452236195552594,0.00020027655046576568,simulated_limit_status_shift,BILL_AMT5
"(26798.8,40866.6]",1799.0,558.0,0.09999722152760412,0.0930290663779462,0.0005033127372512888,simulated_limit_status_shift,BILL_AMT5
"(40866.6,65727.40000000004]",1799.0,601.0,0.09999722152760412,0.10019155492629299,3.772986915429659e-07,simulated_limit_status_shift,BILL_AMT5
"(65727.40000000004,115578.80000000002]",1799.0,588.0,0.09999722152760412,0.09802615141167652,3.924027411490777e-05,simulated_limit_status_shift,BILL_AMT5
"(115578.80000000002,inf]",1799.0,623.0,0.09999722152760412,0.10385608395102856,0.0001461109316735307,simulated_limit_status_shift,BILL_AMT5
missing,0.0,0.0,2.778472395876747e-05,8.328475056217206e-05,6.092676893011514e-05,simulated_limit_status_shift,BILL_AMT5
"(-inf,0.0]",2802.0,939.0,0.15573337778889168,0.15649204630632133,3.686945442086366e-06,simulated_limit_status_shift,BILL_AMT6
"(0.0,486.8000000000002]",796.0,253.0,0.04426106526631658,0.042225368535021235,9.58491768030538e-05,simulated_limit_status_shift,BILL_AMT6
"(486.8000000000002,2677.7000000000007]",1799.0,569.0,0.09999722152760412,0.09486133089031398,0.00027079625617722707,simulated_limit_status_shift,BILL_AMT6
"(2677.7000000000007,8636.800000000003]",1799.0,577.0,0.09999722152760412,0.09619388689930873,0.00014748035120655512,simulated_limit_status_shift,BILL_AMT6
"(8636.800000000003,16955.5]",1799.0,628.0,0.09999722152760412,0.10468893145665029,0.00021511956691955636,simulated_limit_status_shift,BILL_AMT6
"(16955.5,25587.799999999996]",1799.0,664.0,0.09999722152760412,0.11068543349712667,0.001085386266550593,simulated_limit_status_shift,BILL_AMT6
"(25587.799999999996,39604.999999999985]",1799.0,587.0,0.09999722152760412,0.09785958191055218,4.619179991250119e-05,simulated_limit_status_shift,BILL_AMT6
"(39604.999999999985,62760.000000000015]",1799.0,561.0,0.09999722152760412,0.09352877488131923,0.00043256610912249035,simulated_limit_status_shift,BILL_AMT6
"(62760.000000000015,112360.4]",1799.0,618.0,0.09999722152760412,0.10302323644540684,9.02120362493394e-05,simulated_limit_status_shift,BILL_AMT6
"(112360.4,inf]",1799.0,602.0,0.09999722152760412,0.10035812442741734,1.3002003350541065e-06,simulated_limit_status_shift,BILL_AMT6
missing,0.0,0.0,2.778472395876747e-05,8.328475056217206e-05,6.092676893011514e-05,simulated_limit_status_shift,BILL_AMT6
"(-inf,0.0]",3112.0,1025.0,0.1729599066433275,0.1708170234030149,2.6715044871149667e-05,simulated_limit_status_shift,PAY_AMT1
"(0.0,325.0]",489.0,128.0,0.027201244755633354,0.021404180894478222,0.0013894197648265973,simulated_limit_status_shift,PAY_AMT1
"(325.0,1267.0]",1799.0,616.0,0.09999722152760412,0.10269009744315816,7.155857058507387e-05,simulated_limit_status_shift,PAY_AMT1
"(1267.0,1730.0]",1799.0,590.0,0.09999722152760412,0.09835929041392522,2.7051083795682052e-05,simulated_limit_status_shift,PAY_AMT1
"(1730.0,2117.5]",1796.0,638.0,0.09983051318385151,0.10635462646789373,0.0004130100553421904,simulated_limit_status_shift,PAY_AMT1
"(2117.5,3000.0]",1858.0,588.0,0.10327581895473868,0.09802615141167652,0.00027386974270879707,simulated_limit_status_shift,PAY_AMT1
"(3000.0,4345.5999999999985]",1740.0,595.0,0.09671862410046957,0.09919213791954692,6.246308965456393e-05,simulated_limit_status_shift,PAY_AMT1
"(4345.5999999999985,6201.4000000000015]",1799.0,603.0,0.09999722152760412,0.10052469392854169,2.775036083742475e-06,simulated_limit_status_shift,PAY_AMT1
"(6201.4000000000015,10367.1]",1799.0,589.0,0.09999722152760412,0.09819272091280086,3.286052170682429e-05,simulated_limit_status_shift,PAY_AMT1
"(10367.1,inf]",1799.0,626.0,0.09999722152760412,0.1043557924544016,0.00018595294101745913,simulated_limit_status_shift,PAY_AMT1
missing,0.0,0.0,2.778472395876747e-05,8.328475056217206e-05,6.092676893011514e-05,simulated_limit_status_shift,PAY_AMT1
"(-inf,0.0]",3233.0,1030.0,0.1796838098413492,0.17164987090863662,0.00036748784339287496,simulated_limit_status_shift,PAY_AMT2
"(0.0,255.20000000000073]",365.0,110.0,0.02031063321385902,0.018405929874240026,0.0001875593074304555,simulated_limit_status_shift,PAY_AMT2
"(255.20000000000073,1166.7000000000007]",1799.0,605.0,0.09999722152760412,0.10085783293079037,7.375034916406161e-06,simulated_limit_status_shift,PAY_AMT2
"(1166.7000000000007,1600.0]",1856.0,631.0,0.10316468005890361,0.10518863996002333,3.932303587566457e-05,simulated_limit_status_shift,PAY_AMT2
"(1600.0,2007.0]",1746.0,569.0,0.09705204078797477,0.09486133089031398,5.0016507790444584e-05,simulated_limit_status_shift,PAY_AMT2
"(2007.0,3000.0]",2146.0,696.0,0.11927981995498875,0.11601565753310569,9.057071567454515e-05,simulated_limit_status_shift,PAY_AMT2
"(3000.0,4025.0]",1449.0,517.0,0.0805479147564669,0.08619971683184809,0.00038327509790422057,simulated_limit_status_shift,PAY_AMT2
"(4025.0,6000.0]",1834.0,650.0,0.10194215220471785,0.10835346048138586,0.000391045876577013,simulated_limit_status_shift,PAY_AMT2
"(6000.0,10200.0]",1769.0,575.0,0.09833013809007808,0.09586074789706005,6.28064145369738e-05,simulated_limit_status_shift,PAY_AMT2
"(10200.0,inf]",1793.0,615.0,0.09966380484009892,0.10252352794203382,8.090083104579872e-05,simulated_limit_status_shift,PAY_AMT2
missing,0.0,0.0,2.778472395876747e-05,8.328475056217206e-05,6.092676893011514e-05,simulated_limit_status_shift,PAY_AMT2
"(-inf,0.0]",3516.0,1186.0,0.19540996360201163,0.19763471308403432,2.5185753230701627e-05,simulated_limit_status_shift,PAY_AMT3
"(0.0,10.0]",84.0,35.0,0.004695618349031702,0.005913217289914217,0.0002807299238446372,simulated_limit_status_shift,PAY_AMT3
"(10.0,780.0]",1838.0,554.0,0.10216442999638799,0.09236278837344881,0.0009885876911304762,simulated_limit_status_shift,PAY_AMT3
"(780.0,1206.0]",1759.0,591.0,0.09777444361090272,0.09852585991504956,5.752708577600452e-06,simulated_limit_status_shift,PAY_AMT3
"(1206.0,1804.0]",1800.0,587.0,0.10005279097552165,0.09785958191055218,4.861103780749896e-05,simulated_limit_status_shift,PAY_AMT3
"(1804.0,2500.0]",1879.0,644.0,0.10444277736100692,0.1073540434746398,8.003901284118528e-05,simulated_limit_status_shift,PAY_AMT3
"(2500.0,3552.899999999998]",1717.0,556.0,0.09544052679836626,0.09269592737569751,8.008400573296528e-05,simulated_limit_status_shift,PAY_AMT3
"(3552.899999999998,5243.200000000001]",1799.0,620.0,0.09999722152760412,0.10335637544765554,0.00011098836452888315,simulated_limit_status_shift,PAY_AMT3
"(5243.200000000001,10000.0]",1882.0,666.0,0.10460948570475952,0.11101857249937537,0.000381105284779927,simulated_limit_status_shift,PAY_AMT3
"(10000.0,inf]",1716.0,559.0,0.09538495735044872,0.09319563587907054,5.083602484716172e-05,simulated_limit_status_shift,PAY_AMT3
missing,0.0,0.0,2.778472395876747e-05,8.328475056217206e-05,6.092676893011514e-05,simulated_limit_status_shift,PAY_AMT3
"(-inf,0.0]",3841.0,1267.0,0.213475965545985,0.21114442778610695,2.5604624950003386e-05,simulated_limit_status_shift,PAY_AMT4
"(0.0,503.7000000000007]",1556.0,542.0,0.0864962489580439,0.09037148092620356,0.00016984247620691805,simulated_limit_status_shift,PAY_AMT4
"(503.7000000000007,1000.0]",2266.0,751.0,0.12595165323701027,0.12518740629685157,4.6514085828921375e-06,simulated_limit_status_shift,PAY_AMT4
"(1000.0,1500.0]",1410.0,470.0,0.0783828841344818,0.07837747792770282,3.728885461124776e-10,simulated_limit_status_shift,PAY_AMT4
"(1500.0,2100.0]",1749.0,540.0,0.0972214504028897,0.09003831417624521,0.0005513493606697166,simulated_limit_status_shift,PAY_AMT4
"(2100.0,3171.2999999999993]",1771.0,574.0,0.09844401222561823,0.09570214892553723,7.745004259536499e-05,simulated_limit_status_shift,PAY_AMT4
"(3171.2999999999993,5000.0]",1915.0,693.0,0.10644623506529592,0.1155255705480593,0.000743160613728897,simulated_limit_status_shift,PAY_AMT4
"(5000.0,9606.2]",1683.0,569.0,0.09355376493470409,0.09486923205064135,1.836805354077615e-05,simulated_limit_status_shift,PAY_AMT4
"(9606.2,inf]",1799.0,592.0,0.1,0.09870064967516241,1.699375754429262e-05,simulated_limit_status_shift,PAY_AMT4
missing,0.0,0.0,2.7785495971103084e-05,8.329168748958855e-05,6.09366174112044e-05,simulated_limit_status_shift,PAY_AMT4
"(-inf,0.0]",4032.0,1350.0,0.2240900250069464,0.22497084790937866,3.455433448975794e-06,simulated_limit_status_shift,PAY_AMT5
"(0.0,500.0]",1456.0,475.0,0.08093914976382328,0.0792103948025987,3.732398756614839e-05,simulated_limit_status_shift,PAY_AMT5
"(500.0,1000.0]",2169.0,695.0,0.12056126701861629,0.11585873729801766,0.00018709671255107214,simulated_limit_status_shift,PAY_AMT5
"(1000.0,1500.0]",1353.0,489.0,0.07521533759377605,0.08154256205230719,0.0005110496042774024,simulated_limit_status_shift,PAY_AMT5
"(1500.0,2129.0]",1785.0,570.0,0.09922200611280911,0.09503581542562052,0.00018044993773400208,simulated_limit_status_shift,PAY_AMT5
"(2129.0,3200.0]",1821.0,572.0,0.10122256182272854,0.09536898217557888,0.00034868769342694323,simulated_limit_status_shift,PAY_AMT5
"(3200.0,5000.0]",1879.0,675.0,0.10444567935537649,0.11252706979843412,0.0006022792937120779,simulated_limit_status_shift,PAY_AMT5
"(5000.0,9389.000000000011]",1696.0,543.0,0.09427618782995277,0.09053806430118275,0.00015123804990329213,simulated_limit_status_shift,PAY_AMT5
"(9389.000000000011,inf]",1799.0,629.0,0.1,0.10486423454939198,0.00023103325640793797,simulated_limit_status_shift,PAY_AMT5
missing,0.0,0.0,2.7785495971103084e-05,8.329168748958855e-05,6.09366174112044e-05,simulated_limit_status_shift,PAY_AMT5
"(-inf,0.0]",4324.0,1417.0,0.24031675465407057,0.23613193403298352,7.351546733653377e-05,simulated_limit_status_shift,PAY_AMT6
"(0.0,419.7000000000007]",1073.0,376.0,0.05965545984995832,0.06271864067966017,0.00015338273695026885,simulated_limit_status_shift,PAY_AMT6
"(419.7000000000007,1000.0]",2393.0,802.0,0.13300916921367045,0.1336831584207896,3.4066403217655418e-06,simulated_limit_status_shift,PAY_AMT6
"(1000.0,1500.0]",1319.0,441.0,0.07332592386774103,0.07354656005330668,6.628928945742541e-07,simulated_limit_status_shift,PAY_AMT6
"(1500.0,2100.0]",1693.0,565.0,0.09410947485412614,0.09420289855072464,9.269691252230138e-08,simulated_limit_status_shift,PAY_AMT6
"(2100.0,3200.0]",1818.0,570.0,0.10105584884690191,0.09503581542562052,0.00036974742985734625,simulated_limit_status_shift,PAY_AMT6
"(3200.0,5000.0]",1933.0,693.0,0.10744651292025563,0.1155255705480593,0.0005857213850444622,simulated_limit_status_shift,PAY_AMT6
"(5000.0,9629.000000000007]",1638.0,534.0,0.0910530702973048,0.08903881392637014,4.5059197844543865e-05,simulated_limit_status_shift,PAY_AMT6
"(9629.000000000007,inf]",1799.0,600.0,0.1,0.10003331667499583,1.10981596615224e-08,simulated_limit_status_shift,PAY_AMT6
missing,0.0,0.0,2.7785495971103084e-05,8.329168748958855e-05,6.09366174112044e-05,simulated_limit_status_shift,PAY_AMT6
"(-inf,0.0011703703703703704]",1800.0,532.0,0.10005279097552165,0.08869825934871325,0.0013677406661603022,simulated_limit_status_shift,utilization_latest
"(0.0011703703703703704,0.011397000000000003]",1798.0,518.0,0.09994165207968658,0.08636628633297243,0.001981855988383259,simulated_limit_status_shift,utilization_latest
"(0.011397000000000003,0.0400826666666667]",1799.0,558.0,0.09999722152760412,0.0930290663779462,0.0005033127372512888,simulated_limit_status_shift,utilization_latest
"(0.0400826666666667,0.12912049019607846]",1799.0,546.0,0.09999722152760412,0.09103023236445407,0.0008424551396718792,simulated_limit_status_shift,utilization_latest
"(0.12912049019607846,0.30643]",1799.0,482.0,0.09999722152760412,0.08036978429249604,0.004288675755428563,simulated_limit_status_shift,utilization_latest
"(0.30643,0.513176]",1799.0,427.0,0.09999722152760412,0.07120846173065712,0.009774669061194159,simulated_limit_status_shift,utilization_latest
"(0.513176,0.7270989999999998]",1799.0,418.0,0.09999722152760412,0.06970933622053802,0.010928115666282455,simulated_limit_status_shift,utilization_latest
"(0.7270989999999998,0.8991422222222223]",1799.0,342.0,0.09999722152760412,0.05705005413508787,0.02410252478758177,simulated_limit_status_shift,utilization_latest
"(0.8991422222222223,0.9813870394736842]",1799.0,163.0,0.09999722152760412,0.027234113433830264,0.09464094046150211,simulated_limit_status_shift,utilization_latest
"(0.9813870394736842,inf]",1799.0,2012.0,0.09999722152760412,0.33522112101274254,0.28453811390160744,simulated_limit_status_shift,utilization_latest
missing,0.0,0.0,2.778472395876747e-05,8.328475056217206e-05,6.092676893011514e-05,simulated_limit_status_shift,utilization_latest
"(-inf,0.004192294610151753]",1799.0,488.0,0.09999722152760412,0.0813692012992421,0.0038400836967608693,simulated_limit_status_shift,utilization_mean
"(0.004192294610151753,0.01725838095238096]",1799.0,498.0,0.09999722152760412,0.08303489631048555,0.0031529815043597723,simulated_limit_status_shift,utilization_mean
"(0.01725838095238096,0.05026284313725491]",1799.0,563.0,0.09999722152760412,0.09386191388356792,0.0003884735681191009,simulated_limit_status_shift,utilization_mean
"(0.05026284313725491,0.12953424603174604]",1799.0,570.0,0.09999722152760412,0.09502790039143832,0.00025329556144616246,simulated_limit_status_shift,utilization_mean
"(0.12953424603174604,0.27706425925925926]",1799.0,498.0,0.09999722152760412,0.08303489631048555,0.0031529815043597723,simulated_limit_status_shift,utilization_mean
"(0.27706425925925926,0.44306]",1799.0,412.0,0.09999722152760412,0.06870991921379195,0.011740523511775429,simulated_limit_status_shift,utilization_mean
"(0.44306,0.6067449999999999]",1799.0,404.0,0.09999722152760412,0.0673773632047972,0.012879406204968077,simulated_limit_status_shift,utilization_mean
"(0.6067449999999999,0.754266935483871]",1799.0,400.0,0.09999722152760412,0.06671108520029982,0.01347327157002277,simulated_limit_status_shift,utilization_mean
"(0.754266935483871,0.8882733333333335]",1799.0,336.0,0.09999722152760412,0.0560506371283418,0.02544010131772417,simulated_limit_status_shift,utilization_mean
"(0.8882733333333335,inf]",1799.0,1829.0,0.09999722152760412,0.3047389023069876,0.2281463065209125,simulated_limit_status_shift,utilization_mean
missing,0.0,0.0,2.778472395876747e-05,8.328475056217206e-05,6.092676893011514e-05,simulated_limit_status_shift,utilization_mean
"(-inf,0.0]",11979.0,1487.0,0.6658051966096985,0.2478960086659445,0.41288917578668455,simulated_limit_status_shift,delayed_months
"(0.0,1.0]",2630.0,3088.0,0.14619980547450326,0.5147071077410216,0.46381206083947074,simulated_limit_status_shift,delayed_months
"(1.0,3.0]",1819.0,863.0,0.10112546894539391,0.14390467461044912,0.015092036859749301,simulated_limit_status_shift,delayed_months
"(3.0,inf]",1562.0,560.0,0.08684173961372794,0.09340888259311723,0.0004787385908789665,simulated_limit_status_shift,delayed_months
missing,0.0,0.0,2.778935667639294e-05,8.332638946754438e-05,6.098589355469082e-05,simulated_limit_status_shift,delayed_months
"(-inf,0.0]",11979.0,1487.0,0.6658051966096985,0.2478960086659445,0.41288917578668455,simulated_limit_status_shift,max_delay
"(0.0,1.0]",1010.0,2484.0,0.05616228984299013,0.414048829264228,0.7149636753115257,simulated_limit_status_shift,max_delay
"(1.0,2.0]",4277.0,1332.0,0.2377379463665416,0.22206482793100574,0.0010689011041916088,simulated_limit_status_shift,max_delay
"(2.0,inf]",724.0,695.0,0.040266777824093374,0.11590700774935422,0.07997149954075204,simulated_limit_status_shift,max_delay
missing,0.0,0.0,2.778935667639294e-05,8.332638946754438e-05,6.098589355469082e-05,simulated_limit_status_shift,max_delay
"(-inf,0.03265735296510853]",1799.0,610.0,0.09999722152760412,0.10169068043641209,2.8438696066514223e-05,simulated_limit_status_shift,payment_bill_ratio
"(0.03265735296510853,0.03882049233840452]",1799.0,610.0,0.09999722152760412,0.10169068043641209,2.8438696066514223e-05,simulated_limit_status_shift,payment_bill_ratio
"(0.03882049233840452,0.04506717891940391]",1799.0,610.0,0.09999722152760412,0.10169068043641209,2.8438696066514223e-05,simulated_limit_status_shift,payment_bill_ratio
"(0.04506717891940391,0.057379878386215666]",1799.0,578.0,0.09999722152760412,0.09636045640043309,0.0001347293710349037,simulated_limit_status_shift,payment_bill_ratio
"(0.057379878386215666,0.09007327907112375]",1799.0,655.0,0.09999722152760412,0.10918630798700758,0.0008078426374609574,simulated_limit_status_shift,payment_bill_ratio
"(0.09007327907112375,0.19407982391145692]",1799.0,549.0,0.09999722152760412,0.0915299408678271,0.000749153321109268,simulated_limit_status_shift,payment_bill_ratio
"(0.19407982391145692,0.4421495733175087]",1799.0,604.0,0.09999722152760412,0.10069126342966603,4.800435682867347e-06,simulated_limit_status_shift,payment_bill_ratio
"(0.4421495733175087,0.7871635454334682]",1799.0,586.0,0.09999722152760412,0.09769301240942783,5.3716564628845623e-05,simulated_limit_status_shift,payment_bill_ratio
"(0.7871635454334682,1.0000922095958336]",1799.0,564.0,0.09999722152760412,0.09402848338469226,0.0003673438986164244,simulated_limit_status_shift,payment_bill_ratio
"(1.0000922095958336,inf]",1799.0,632.0,0.09999722152760412,0.10535520946114767,0.00027966118339369157,simulated_limit_status_shift,payment_bill_ratio
missing,0.0,0.0,2.778472395876747e-05,8.328475056217206e-05,6.092676893011514e-05,simulated_limit_status_shift,payment_bill_ratio
"(-inf,0.051163546142641785]",1799.0,172.0,0.09999722152760412,0.028733238943949364,0.08887244303823871,simulated_limit_status_shift,model_probability
"(0.051163546142641785,0.07467731266637229]",1799.0,138.0,0.09999722152760412,0.02306987590572166,0.11282277651640286,simulated_limit_status_shift,model_probability
"(0.07467731266637229,0.09798170353875275]",1799.0,209.0,0.09999722152760412,0.03489631048555009,0.06853571934950942,simulated_limit_status_shift,model_probability
"(0.09798170353875275,0.12327273750037893]",1799.0,275.0,0.09999722152760412,0.04588989755975681,0.042144054217811304,simulated_limit_status_shift,model_probability
"(0.12327273750037893,0.15086791475805283]",1799.0,357.0,0.09999722152760412,0.05954859665195303,0.02096653140610869,simulated_limit_status_shift,model_probability
"(0.15086791475805283,0.18204149659728103]",1799.0,524.0,0.09999722152760412,0.08736570333971849,0.001705755233342323,simulated_limit_status_shift,model_probability
"(0.18204149659728103,0.22895396483807862]",1799.0,1081.0,0.09999722152760412,0.1801449154659782,0.04717647245173465,simulated_limit_status_shift,model_probability
"(0.22895396483807862,0.33730474582446146]",1799.0,1702.0,0.09999722152760412,0.28358457566419587,0.19136558401159912,simulated_limit_status_shift,model_probability
"(0.33730474582446146,0.5607546254942513]",1799.0,714.0,0.09999722152760412,0.11901390855334389,0.0033107664932665354,simulated_limit_status_shift,model_probability
"(0.5607546254942513,inf]",1799.0,826.0,0.09999722152760412,0.13766969267927043,0.012044449740266859,simulated_limit_status_shift,model_probability
missing,0.0,0.0,2.778472395876747e-05,8.328475056217206e-05,6.092676893011514e-05,simulated_limit_status_shift,model_probability
