bin,count,predicted,observed,model
0,983,0.07182707236124652,0.07426246185147507,linear_lr
1,3076,0.13570840187302652,0.12548764629388817,linear_lr
2,515,0.2564528165808004,0.2058252427184466,linear_lr
3,383,0.3542149730659828,0.412532637075718,linear_lr
4,454,0.44455958512898125,0.46255506607929514,linear_lr
5,227,0.5483198707679732,0.6696035242290749,linear_lr
6,206,0.6539369844154526,0.6504854368932039,linear_lr
7,132,0.7339948517572034,0.696969696969697,linear_lr
8,16,0.8327169180790941,0.6875,linear_lr
9,6,0.9170178865385958,0.6666666666666666,linear_lr
0,801,0.072886790806606,0.07240948813982521,linear_lr_sigmoid
1,3245,0.13951687933320153,0.12357473035439137,linear_lr_sigmoid
2,535,0.2551456196551915,0.2,linear_lr_sigmoid
3,438,0.3537953508447639,0.4132420091324201,linear_lr_sigmoid
4,437,0.44081516549734323,0.4965675057208238,linear_lr_sigmoid
5,224,0.5442718593538894,0.6785714285714286,linear_lr_sigmoid
6,240,0.6510481738427819,0.65,linear_lr_sigmoid
7,65,0.740617739696261,0.7076923076923077,linear_lr_sigmoid
8,11,0.8503599198131435,0.6363636363636364,linear_lr_sigmoid
9,2,0.9288597247577158,0.5,linear_lr_sigmoid
0,1388,0.0776851969442528,0.07132564841498559,woe_lr
1,2703,0.14128917618161327,0.13466518682944875,woe_lr
2,640,0.24609742667568457,0.246875,woe_lr
3,380,0.34842919751117474,0.3394736842105263,woe_lr
4,216,0.44589774266974364,0.5324074074074074,woe_lr
5,203,0.5498009951100595,0.6108374384236454,woe_lr
6,209,0.6436016820737434,0.6746411483253588,woe_lr
7,156,0.7481235375464559,0.7371794871794872,woe_lr
8,103,0.8381201992844368,0.7864077669902912,woe_lr
0,1275,0.07893808190846416,0.06901960784313725,woe_lr_sigmoid
1,2797,0.1416895231933693,0.13264211655345012,woe_lr_sigmoid
2,672,0.24552802494559622,0.25,woe_lr_sigmoid
3,386,0.3485456865667985,0.344559585492228,woe_lr_sigmoid
4,213,0.4460847181753947,0.5258215962441315,woe_lr_sigmoid
5,222,0.5503004167037323,0.6441441441441441,woe_lr_sigmoid
6,196,0.6438004820492038,0.6581632653061225,woe_lr_sigmoid
7,163,0.7501540505558273,0.7668711656441718,woe_lr_sigmoid
8,74,0.8380626652884654,0.7702702702702703,woe_lr_sigmoid
0,1746,0.06283088496197503,0.06242840778923253,hist_gbdt
1,2077,0.14699728612783874,0.13577274915743862,hist_gbdt
2,822,0.23964724824806805,0.22262773722627738,hist_gbdt
3,452,0.3454676978231123,0.3827433628318584,hist_gbdt
4,219,0.4492821093164874,0.4931506849315068,hist_gbdt
5,176,0.5526137568068769,0.5340909090909091,hist_gbdt
6,263,0.6452055843307652,0.7338403041825095,hist_gbdt
7,154,0.7450383810824763,0.7597402597402597,hist_gbdt
8,88,0.8346896882875949,0.75,hist_gbdt
9,1,0.9057569316522391,1.0,hist_gbdt
0,1746,0.06335866830664597,0.06242840778923253,hist_gbdt_sigmoid
1,2117,0.14677212159326378,0.13556920170051961,hist_gbdt_sigmoid
2,817,0.24005974136729916,0.23255813953488372,hist_gbdt_sigmoid
3,434,0.34358829739733826,0.38940092165898615,hist_gbdt_sigmoid
4,220,0.44682594726701647,0.5,hist_gbdt_sigmoid
5,199,0.5552240857264662,0.5628140703517588,hist_gbdt_sigmoid
6,247,0.6442253509494187,0.7530364372469636,hist_gbdt_sigmoid
7,153,0.7480225270467022,0.738562091503268,hist_gbdt_sigmoid
8,65,0.8351867841570971,0.7692307692307693,hist_gbdt_sigmoid
0,61,0.0641446961531711,0.06557377049180328,linear_lr_balanced
1,284,0.1624730573715872,0.06338028169014084,linear_lr_balanced
2,989,0.2599893249140787,0.08796764408493428,linear_lr_balanced
3,2339,0.3489697308069351,0.12013681060282172,linear_lr_balanced
4,437,0.4395411270419153,0.17620137299771166,linear_lr_balanced
5,410,0.5571071569025149,0.2121951219512195,linear_lr_balanced
6,434,0.6530283362623684,0.38018433179723504,linear_lr_balanced
7,526,0.745633482034777,0.5,linear_lr_balanced
8,431,0.8544621279973773,0.6612529002320185,linear_lr_balanced
9,87,0.9245699138659729,0.6781609195402298,linear_lr_balanced
0,838,0.07362006028771045,0.06443914081145585,linear_lr_balanced_sigmoid
1,3168,0.1383446358309541,0.125,linear_lr_balanced_sigmoid
2,540,0.2543879130159108,0.2,linear_lr_balanced_sigmoid
3,465,0.350654121358127,0.4129032258064516,linear_lr_balanced_sigmoid
4,449,0.4424170824329868,0.4922048997772829,linear_lr_balanced_sigmoid
5,214,0.5447243269318583,0.6635514018691588,linear_lr_balanced_sigmoid
6,250,0.6466658559055691,0.648,linear_lr_balanced_sigmoid
7,61,0.7380297309798939,0.7049180327868853,linear_lr_balanced_sigmoid
8,11,0.8486424608545612,0.6363636363636364,linear_lr_balanced_sigmoid
9,2,0.9243472123659366,0.5,linear_lr_balanced_sigmoid
0,109,0.08644195438468187,0.027522935779816515,random_forest
1,854,0.15533555618194594,0.04332552693208431,random_forest
2,1154,0.2511072005123348,0.08838821490467938,random_forest
3,1270,0.34967497176222967,0.14488188976377953,random_forest
4,883,0.44434076772521236,0.17327293318233294,random_forest
5,481,0.5463959439687615,0.28274428274428276,random_forest
6,425,0.6490248785208553,0.4164705882352941,random_forest
7,297,0.751962380484227,0.5151515151515151,random_forest
8,417,0.8405431720169699,0.7122302158273381,random_forest
9,108,0.9261480815797566,0.7777777777777778,random_forest
0,1778,0.06455711580504421,0.06074240719910011,random_forest_sigmoid
1,2077,0.14519929952864255,0.14203177660086663,random_forest_sigmoid
2,780,0.24049287492682228,0.22564102564102564,random_forest_sigmoid
3,431,0.34885900218564586,0.3665893271461717,random_forest_sigmoid
4,239,0.43999436823390664,0.47280334728033474,random_forest_sigmoid
5,249,0.5540491526784297,0.5823293172690763,random_forest_sigmoid
6,271,0.6436479864820951,0.7380073800738007,random_forest_sigmoid
7,104,0.746780011019448,0.7019230769230769,random_forest_sigmoid
8,69,0.8401387336635453,0.8405797101449275,random_forest_sigmoid
0,1677,0.06619764864444733,0.05605247465712582,xgboost
1,2189,0.14554163813591003,0.14024668798538145,xgboost
2,769,0.2398751676082611,0.2223667100130039,xgboost
3,460,0.34534144401550293,0.3739130434782609,xgboost
4,219,0.44760191440582275,0.4885844748858447,xgboost
5,192,0.5521695017814636,0.5729166666666666,xgboost
6,259,0.6459584832191467,0.7104247104247104,xgboost
7,154,0.7517461180686951,0.7272727272727273,xgboost
8,79,0.8262205719947815,0.8734177215189873,xgboost
0,1707,0.0661685227260248,0.05565319273579379,xgboost_sigmoid
1,2201,0.1451844063114449,0.14357110404361653,xgboost_sigmoid
2,748,0.23997085786614242,0.22727272727272727,xgboost_sigmoid
3,451,0.3432750706090819,0.36807095343680707,xgboost_sigmoid
4,221,0.4467560787146097,0.502262443438914,xgboost_sigmoid
5,198,0.5531464411599089,0.5757575757575758,xgboost_sigmoid
6,257,0.6456600533714885,0.7354085603112841,xgboost_sigmoid
7,143,0.7534242023819141,0.7202797202797203,xgboost_sigmoid
8,72,0.8226429086234089,0.8611111111111112,xgboost_sigmoid
2,5998,0.22106725958866033,0.22107369123041012,constant_prior
