feature,interval,left_exclusive,right_inclusive,train_count,train_defaults,train_good,bad_share,good_share,iv_component,train_default_rate,woe,points
LIMIT_BAL,0,-inf,50000.0,4519,1448,3071,0.3640935378425949,0.21915364304574325,0.07357669974046545,0.3204248727594601,0.5076359400121744,-5.814038664554776
LIMIT_BAL,1,50000.0,100000.0,2895,743,2152,0.18682423937641437,0.1535716834368087,0.006517489938043503,0.2566493955094991,0.19599966841288133,-2.244816729022532
LIMIT_BAL,2,100000.0,180000.0,3667,734,2933,0.18456122705556952,0.2093056447584386,0.003113186642843111,0.20016362148895556,-0.12581369584955482,1.4409651376975074
LIMIT_BAL,3,180000.0,280000.0,3550,598,2952,0.15036459642946945,0.21066152858060372,0.020331391362052025,0.1684507042253521,-0.33718782426759936,3.8618681085935482
LIMIT_BAL,4,280000.0,inf,3359,454,2905,0.11415639929595173,0.20730750017840577,0.055576725590853866,0.13515927359333135,-0.5966298311491272,6.83330046852991
PAY_0,0,-inf,-1.0,5066,804,4262,0.20216243399547398,0.3041461500035681,0.0416537374965684,0.15870509277536518,-0.40843518089949266,8.437453169494392
PAY_0,1,-1.0,0.0,8846,1146,7700,0.28815690218757856,0.5494897595090273,0.16868600981545692,0.129550079131811,-0.6454833561474709,13.334393910897113
PAY_0,2,0.0,1.0,2179,719,1460,0.18078953985416144,0.10418896738742596,0.04221635877533737,0.3299678751720973,0.5511232803602117,-11.385103649535276
PAY_0,3,1.0,inf,1899,1308,591,0.328891123962786,0.04217512309997859,0.5888789835960421,0.688783570300158,2.053875548710023,-42.42895707476981
PAY_2,0,-inf,-2.0,2278,402,1876,0.10108121699773699,0.1338756868621994,0.009214751280998721,0.17647058823529413,-0.280984913587039,1.2165609919918705
PAY_2,1,-2.0,-1.0,3633,602,3031,0.15137037968317826,0.2162991507885535,0.023175074623873658,0.16570327552986513,-0.3569307447119552,1.5453784166410953
PAY_2,2,-1.0,0.0,9453,1508,7945,0.3791802866482273,0.5669735245843146,0.07554921078135739,0.15952607637786945,-0.40229995292519244,1.7418103469008828
PAY_2,3,0.0,2.0,2341,1303,1038,0.32763389489565,0.07407407407407407,0.37831680275893825,0.5565997436992738,1.4920218886932834,-6.459904219804391
PAY_2,4,2.0,inf,285,162,123,0.04073422177520744,0.008777563690858489,0.047680033351335804,0.5684210526315789,1.4920218886932834,-6.459904219804391
PAY_3,0,-inf,-2.0,2449,438,2011,0.11013326628111642,0.1435095982302148,0.008835004230020349,0.17884850959575338,-0.264708663716985,2.04596862627828
PAY_3,1,-2.0,-1.0,3567,565,3002,0.14206688458637165,0.21422964390209093,0.02964072393242978,0.1583964115503224,-0.41074820604833934,3.1747277594717658
PAY_3,2,-1.0,0.0,9461,1656,7805,0.41639426703545385,0.5569828016841505,0.04089737172888647,0.1750343515484621,-0.2909011878605964,2.2484141446394035
PAY_3,3,0.0,2.0,2276,1178,1098,0.2962031682172492,0.0783558124598587,0.2957099755075067,0.5175746924428822,1.3574182458144193,-10.491666969552986
PAY_3,4,2.0,inf,237,140,97,0.0352024138798089,0.0069221437236851495,0.03838815470648338,0.5907172995780591,1.3574182458144193,-10.491666969552986
PAY_4,0,-inf,-2.0,2598,495,2103,0.12446567764646718,0.15007493042175124,0.004791576682454065,0.1905311778290993,-0.18710333817621186,0.834213518343604
PAY_4,1,-2.0,-1.0,3440,549,2891,0.13804375157153634,0.20630842788838935,0.027428692304406522,0.15959302325581395,-0.40179919959035965,1.7914502607229974
PAY_4,2,-1.0,0.0,9835,1805,8030,0.45385969323610764,0.5730393206308428,0.02778861006283649,0.1835282155566853,-0.23316577396905055,1.039586158943053
PAY_4,3,0.0,2.0,1893,986,907,0.24792557203922555,0.06472561193177763,0.2548227468694672,0.5208663497094559,1.3909541613437693,-6.201667891657045
PAY_4,4,2.0,inf,224,142,82,0.035705305506663315,0.005851709127238992,0.04152498411503754,0.6339285714285714,1.3909541613437693,-6.201667891657045
PAY_5,0,-inf,-2.0,2673,513,2160,0.1289917022881569,0.15414258188824662,0.004480093150433145,0.1919191919191919,-0.178128686617273,1.2243950465828908
PAY_5,1,-2.0,-1.0,3335,547,2788,0.13754085994468193,0.19895811032612573,0.02267346903810702,0.16401799100449774,-0.369171021126622,2.5375540469827533
PAY_5,2,-1.0,0.0,10187,1919,8268,0.4825245159668092,0.5900235495611218,0.021621317525457723,0.18837734367330913,-0.20113034324618922,1.3825004869500384
PAY_5,3,0.0,inf,1795,998,797,0.25094292180035205,0.056875758224505815,0.2880621784207378,0.5559888579387187,1.4843427044171538,-10.202858895067951
PAY_6,0,-inf,-2.0,2892,572,2320,0.14382700528036207,0.16556055091700564,0.0030584500934079774,0.19778699861687413,-0.1407248566129641,1.1505301055078645
PAY_6,1,-2.0,-1.0,3467,591,2876,0.148604475735479,0.2052379932919432,0.018285838111466567,0.17046437842515144,-0.3228801406028753,2.6397846917400787
PAY_6,2,-1.0,0.0,9741,1827,7914,0.4593915011315062,0.5647612930849925,0.021758857346559607,0.18755774561133354,-0.2064999554726718,1.6882903367297175
PAY_6,3,0.0,inf,1890,987,903,0.24817701785265275,0.06444016270605867,0.24774961815812097,0.5222222222222223,1.3483937012008527,-11.024118870310783
BILL_AMT1,0,-inf,0.0,1567,368,1199,0.09253205934121198,0.08556340540926283,0.0005456219578085783,0.23484365028717294,0.07829660693969438,1.4083509015823399
BILL_AMT1,1,0.0,6003.0,3838,859,2979,0.21599195373397034,0.21258831085420682,5.4062099010491265e-05,0.22381448671182907,0.015883599108449165,0.2857043491295403
BILL_AMT1,2,6003.0,26813.0,4195,999,3196,0.2511943676137792,0.22807393134946122,0.002232434696715406,0.23814064362336115,0.09655677216440522,1.7368034509638417
BILL_AMT1,3,26813.0,71988.0,4195,916,3279,0.2303243650993211,0.23399700278312996,5.809980624421825e-05,0.21835518474374255,-0.015819640064239505,-0.2845538934316785
BILL_AMT1,4,71988.0,inf,4195,835,3360,0.20995725421171738,0.2397773496039392,0.003960294501195368,0.19904648390941598,-0.13280623180797596,-2.388836293334862
BILL_AMT2,0,-inf,0.0,1915,427,1488,0.10736736233341715,0.1061871119674588,1.304577736234417e-05,0.22297650130548302,0.011053398277704489,-0.2979378838384811
BILL_AMT2,1,0.0,6178.25,3715,810,2905,0.2036711088760372,0.20730750017840577,6.435187698792241e-05,0.2180349932705249,-0.017696631533027488,0.4770023496443222
BILL_AMT2,2,6178.25,26959.0,4120,996,3124,0.2504400301734976,0.22293584528651966,0.0031996981927193543,0.24174757281553397,0.11633495796613398,-3.1357407307743133
BILL_AMT2,3,26959.0,70089.75,4120,907,3213,0.22806135277847625,0.22928709055876687,6.570177093678231e-06,0.22014563106796117,-0.005360181597829582,0.1444805590212543
BILL_AMT2,4,70089.75,inf,4120,837,3283,0.21046014583857178,0.23428245200884892,0.0025544816112277767,0.20315533980582523,-0.1072306599104573,2.8903397031089617
BILL_AMT3,0,-inf,0.0,2121,492,1629,0.12371134020618557,0.11624919717405266,0.00046425195286357087,0.23196605374823195,0.06221429298050767,1.859497940096303
BILL_AMT3,1,0.0,6390.0,3674,778,2896,0.1956248428463666,0.20666523942053808,0.0006061315976334237,0.21175830157866085,-0.05490125228394807,-1.6409214127482614
BILL_AMT3,2,6390.0,25762.0,4065,954,3111,0.23987930600955495,0.22200813530293298,0.001383613610220316,0.23468634686346865,0.07742154293829405,2.314021307900114
BILL_AMT3,3,25762.0,68131.0,4065,929,3136,0.23359316067387478,0.22379219296367658,0.0004200976423057187,0.22853628536285364,0.04286287382302,1.2811111685458723
BILL_AMT3,4,68131.0,inf,4065,824,3241,0.2071913502640181,0.2312852351387997,0.002650531326646256,0.2027060270602706,-0.11000846648107356,-3.2879987381484868
BILL_AMT4,0,-inf,0.0,2284,526,1758,0.13226049786271057,0.12545493470348962,0.000359513594306011,0.23029772329246936,0.05282642830504053,0.8132294694236158
BILL_AMT4,1,0.0,6515.0,3634,758,2876,0.19059592657782248,0.2052379932919432,0.0010837216584560602,0.2085855806274078,-0.07401425492829683,-1.1394026663616
BILL_AMT4,2,6515.0,23365.0,4024,945,3079,0.2376162936887101,0.21972454149718118,0.0014006046650373366,0.23484095427435386,0.07828214084590727,1.20510407211058
BILL_AMT4,3,23365.0,62245.0,4024,926,3098,0.23283882323359317,0.22108042531934632,0.0006093165255063092,0.2301192842942346,0.05181968920851385,0.7977313574447243
BILL_AMT4,4,62245.0,inf,4024,822,3202,0.2066884586371637,0.22850210518803968,0.0021886140424416697,0.20427435387673956,-0.10033233266786296,-1.544552836136653
BILL_AMT5,0,-inf,0.0,2459,584,1875,0.14684435504148857,0.13380432455576965,0.0012126456997727927,0.23749491663277755,0.09299408472248963,0.8197950181981732
BILL_AMT5,1,0.0,5816.25,3593,737,2856,0.18531556449585115,0.20381074716334832,0.0017594696172025777,0.20512106874478153,-0.09513123762192478,-0.8386352197584452
BILL_AMT5,2,5816.25,21381.0,3980,906,3074,0.22780990696504902,0.21936772996503248,0.00031879278697821966,0.22763819095477386,0.03776191697681714,0.33289247921078885
BILL_AMT5,3,21381.0,58146.5,3978,942,3036,0.23686195624842846,0.2166559623207022,0.0018016966721073101,0.2368024132730015,0.0891664462808265,0.7860522383718732
BILL_AMT5,4,58146.5,inf,3980,808,3172,0.2031682172491828,0.22636123599514738,0.00250710307547881,0.20301507537688443,-0.10809731596129668,-0.9529384731310083
BILL_AMT6,0,-inf,0.0,2802,637,2165,0.1601709831531305,0.15449939342039534,0.00020446926002527086,0.22733761598857957,0.036051489910336736,0.4668868724845753
BILL_AMT6,1,0.0,5346.0,3497,703,2794,0.17676640683932612,0.1993862841647042,0.002723756745201099,0.2010294538175579,-0.1204143022537623,-1.5594322764883009
BILL_AMT6,2,5346.0,20843.0,3897,899,2998,0.2260497862710586,0.21394419467637193,0.0006662894547829362,0.23069027457018218,0.05503980946089255,0.7127961858235178
BILL_AMT6,3,20843.0,57360.0,3897,933,2964,0.2345989439275836,0.21151787625776064,0.002390447397015449,0.23941493456505003,0.10356745325697427,1.3412561994692191
BILL_AMT6,4,57360.0,inf,3897,805,3092,0.2024138798089012,0.22065225148076786,0.001573479403532833,0.20656915576084167,-0.08627301997359664,-1.1172836566658169
PAY_AMT1,0,-inf,0.0,3112,1092,2020,0.27457882826250946,0.1441518589880825,0.0840429359525194,0.3508997429305913,0.6443677747022359,-3.5801159258134527
PAY_AMT1,1,0.0,1606.0,3723,885,2838,0.2225295448830777,0.20252622564761294,0.0018841135870605154,0.23771152296535053,0.09419004740573698,-0.5233211560373722
PAY_AMT1,2,1606.0,3000.0,4018,868,3150,0.21825496605481517,0.224791265253693,0.00019287429310868996,0.21602787456445993,-0.02950817997159666,0.16394784035700813
PAY_AMT1,3,3000.0,6008.75,3417,624,2793,0.15690218757857682,0.19931492185827446,0.010147761457134493,0.1826163301141352,-0.2392621374093318,1.3293436174382653
PAY_AMT1,4,6008.75,inf,3720,508,3212,0.12773447322102088,0.2292157282523371,0.059336745132926236,0.13655913978494624,-0.5847064575089798,3.24863685404068
PAY_AMT2,0,-inf,0.0,3233,1069,2164,0.2687955745536837,0.1544280311139656,0.06338480506615138,0.33065264460253635,0.554220219826273,-3.189299194516541
PAY_AMT2,1,0.0,1506.0,3692,894,2798,0.22479255720392255,0.19967173339042318,0.002976887061859694,0.24214517876489708,0.11850276423896504,-0.6819324828202494
PAY_AMT2,2,1506.0,3000.0,4220,925,3295,0.23258737742016594,0.23513879968600584,2.783591182641149e-05,0.21919431279620852,-0.01090995880967911,0.06278212450427229
PAY_AMT2,3,3000.0,6000.0,3283,620,2663,0.15589640432486798,0.19003782202240777,0.006761033530249228,0.18885166006701187,-0.1980302514132688,1.139578995367982
PAY_AMT2,4,6000.0,inf,3562,469,3093,0.11792808649735982,0.2207236137871976,0.06443556205475087,0.13166760247052217,-0.6268323511106779,3.6071508057227764
PAY_AMT3,0,-inf,0.0,3516,1130,2386,0.2841337691727433,0.17027046314136873,0.058304236397380096,0.3213879408418658,0.5120546594819108,-3.9777966325222165
PAY_AMT3,1,0.0,1200.0,3664,843,2821,0.21196882071913503,0.2013130664383073,0.0005495993109018184,0.2300764192139738,0.05157770125111458,-0.4006713005160503
PAY_AMT3,2,1200.0,2500.0,3696,840,2856,0.2112144832788534,0.20381074716334832,0.0002641808550564727,0.22727272727272727,0.03568210035244492,-0.2771894288919938
PAY_AMT3,3,2500.0,5200.75,3495,638,2857,0.1604224289665577,0.20388210946977806,0.01041859295255639,0.18254649499284692,-0.23973008618377611,1.8622963620737698
PAY_AMT3,4,5200.75,inf,3619,526,3093,0.13226049786271057,0.2207236137871976,0.04530504245659216,0.14534401768444322,-0.5121348257195121,3.9784193882848435
PAY_AMT4,0,-inf,0.0,3841,1184,2657,0.2977118430978124,0.1896096481838293,0.04877102504627605,0.3082530590991929,0.45115665861440785,-3.357945614473434
PAY_AMT4,1,0.0,1000.0,3822,865,2957,0.21750062861453356,0.21101834011275244,0.00019613168491012034,0.22632129774986917,0.030256549805864057,-0.22519860183762255
PAY_AMT4,2,1000.0,2199.0,3254,753,2501,0.18933869751068644,0.17847712838078927,0.0006416654380090544,0.23140749846342962,0.05907667946823901,-0.4397059711969653
PAY_AMT4,3,2199.0,5000.0,3591,673,2918,0.16922303243650993,0.20823521016199242,0.008093060211042962,0.1874129768866611,-0.20744958838215868,1.5440411268041572
PAY_AMT4,4,5000.0,inf,3482,502,2980,0.12622579834045763,0.21265967316063655,0.04508542480231539,0.14417001723147616,-0.5216175359037555,3.8823838320370916
PAY_AMT5,0,-inf,0.0,4032,1183,2849,0.2974603972843852,0.2033112110183401,0.035827689199134614,0.2934027777777778,0.38054167667358646,-0.42808231063011326
PAY_AMT5,1,0.0,1000.0,3625,834,2791,0.20970580839829017,0.19917219724541496,0.0005428561878196558,0.23006896551724138,0.051535620590236045,-0.05797390639277746
PAY_AMT5,2,1000.0,2300.0,3360,771,2589,0.19386472215237616,0.18475701134660671,0.00043825251088090104,0.2294642857142857,0.04811884349723557,-0.054130275267626614
PAY_AMT5,3,2300.0,5001.0,3486,645,2841,0.16218254966054815,0.20274031256690217,0.0090525789725879,0.18502581755593803,-0.2232021276294228,0.2510865127004704
PAY_AMT5,4,5001.0,inf,3487,544,2943,0.1367865225044003,0.21001926782273603,0.03140038855291091,0.15600802982506454,-0.42877524823651536,0.48234164680871666
PAY_AMT6,0,-inf,0.0,4324,1247,3077,0.3135529293437264,0.2195818168843217,0.03347644853745213,0.2883903792784459,0.3562419094688687,-1.5647132202476317
PAY_AMT6,1,0.0,1000.0,3466,811,2655,0.2039225546894644,0.1894669235709698,0.0010628567867818808,0.2339873052510098,0.07352545026014513,-0.3229441595410111
PAY_AMT6,2,1000.0,2400.0,3369,778,2591,0.1956248428463666,0.1848997359594662,0.0006047324820064211,0.2309290590679727,0.05638475106901161,-0.24765745711837467
PAY_AMT6,3,2400.0,5007.5,3414,645,2769,0.16218254966054815,0.19760222650396062,0.006996533674897278,0.18892794376098418,-0.1975323971991159,0.8676170464768771
PAY_AMT6,4,5007.5,inf,3417,496,2921,0.1247171234598944,0.20844929708128165,0.0430085663428768,0.14515657009072286,-0.5136444509054445,2.2560688158135394
utilization_latest,0,-inf,0.0,1567,368,1199,0.09253205934121198,0.08556340540926283,0.0005456219578085783,0.23484365028717294,0.07829660693969438,0.8003878675708831
utilization_latest,1,0.0,0.04026056338028169,3838,700,3138,0.1760120693990445,0.22393491757653608,0.011539902277139894,0.18238665971860343,-0.24080167844781733,-2.461597627963446
utilization_latest,2,0.04026056338028169,0.3751909090909091,4195,718,3477,0.18053809404073423,0.24812673945621921,0.021492942557462074,0.17115613825983314,-0.3179963502055614,-3.2507209518337077
utilization_latest,3,0.3751909090909091,0.851,4195,1088,3107,0.2735730450088006,0.22172268607721402,0.010895853464368008,0.2593563766388558,0.2101403671813426,2.1481620590325634
utilization_latest,4,0.851,inf,4195,1103,3092,0.2773447322102087,0.22065225148076786,0.012964004899895536,0.2629320619785459,0.2286723871154085,2.3376058229013172
utilization_mean,0,-inf,0.01725838095238096,3598,814,2784,0.20467689212974605,0.19867266110040677,0.00017876937938228254,0.22623679822123402,0.029773900855702876,-0.41851757213604934
utilization_mean,1,0.01725838095238096,0.12953424603174604,3598,518,3080,0.13024893135529295,0.21979590380361094,0.04685534604143385,0.14396887159533073,-0.5232488018338799,7.355059695668571
utilization_mean,2,0.12953424603174604,0.44306,3598,633,2965,0.15916519989942168,0.2115892385641904,0.014925261614487642,0.17593107281823236,-0.28470262869156016,4.00192952607083
utilization_mean,3,0.44306,0.754266935483871,3598,887,2711,0.2230324365099321,0.19346321273103548,0.004205605608235999,0.24652584769316288,0.14222915148816032,-1.999247577812558
utilization_mean,4,0.754266935483871,inf,3598,1125,2473,0.28287654010560725,0.17647898380075644,0.05019907139553991,0.31267370761534186,0.4718066198034594,-6.631961394472054
delayed_months,0,-inf,0.0,11979,1432,10547,0.3600704048277596,0.7526582459145079,0.289459034620632,0.11954253276567327,-0.7373102381860868,-11.928127725663595
delayed_months,1,0.0,1.0,2630,770,1860,0.19361327633894895,0.13273388995932348,0.02298282573379607,0.29277566539923955,0.3775140831821482,6.10738325499415
delayed_months,2,1.0,2.0,1151,442,709,0.11113904953482524,0.05059587525868836,0.047641502116796214,0.3840139009556907,0.7869012929435074,12.730406609857791
delayed_months,3,2.0,4.0,1220,646,574,0.16243399547397536,0.04096196389067295,0.1673410313937776,0.5295081967213114,1.3776095551593652,22.286822939637837
delayed_months,4,4.0,inf,1010,687,323,0.1727432738244908,0.023050024976807252,0.3014974837048572,0.6801980198019802,2.014102078922998,32.583932252212485
max_delay,0,-inf,0.0,11979,1432,10547,0.3600704048277596,0.7526582459145079,0.289459034620632,0.11954253276567327,-0.7373102381860868,10.292676159021239
max_delay,1,0.0,2.0,5287,2091,3196,0.5257731958762887,0.22807393134946122,0.28298836080946266,0.3954983922829582,0.95058468236142,-13.26993684685931
max_delay,2,2.0,inf,724,454,270,0.11415639929595173,0.019267822736030827,0.09019962740893969,0.6270718232044199,0.95058468236142,-13.26993684685931
payment_bill_ratio,0,-inf,0.03882049233840452,3598,1080,2518,0.27156147850138296,0.17969028759009492,0.03793838530069516,0.30016675931072817,0.4129519267615562,-2.467331814752001
payment_bill_ratio,1,0.03882049233840452,0.057379878386215666,3598,887,2711,0.2230324365099321,0.19346321273103548,0.004205605608235999,0.24652584769316288,0.14222915148816032,-0.8497999106190136
payment_bill_ratio,2,0.057379878386215666,0.194079823911457,3598,890,2708,0.22378677395021374,0.19324912581174625,0.004480264674022812,0.2473596442468038,0.14671282653162598,-0.8765892615454234
payment_bill_ratio,3,0.194079823911457,0.7871635454334682,3598,557,3041,0.140055318078954,0.21701277385285092,0.033700917501516506,0.1548082267926626,-0.4379162117901962,2.6164900355810965
payment_bill_ratio,4,0.7871635454334682,inf,3598,563,3035,0.14156399295951722,0.21658460001427246,0.03190078201921505,0.1564758198999444,-0.4252269245959533,2.540673263768433
