,LIMIT_BAL,PAY_0,PAY_2,PAY_3,PAY_4,PAY_5,PAY_6,BILL_AMT1,BILL_AMT2,BILL_AMT3,BILL_AMT4,BILL_AMT5,BILL_AMT6,PAY_AMT1,PAY_AMT2,PAY_AMT3,PAY_AMT4,PAY_AMT5,PAY_AMT6,utilization_latest,utilization_mean,delayed_months,max_delay,payment_bill_ratio
LIMIT_BAL,1.0,-0.3010392995541436,-0.3458692618238792,-0.33125764896850807,-0.3099199315603999,-0.2885057139312159,-0.26936652293743346,0.052732599662304924,0.04395466208279654,0.05239109251497957,0.06860740763786835,0.07722725353447292,0.08323427827826074,0.26873697805797553,0.27133214803227684,0.2850940782997326,0.2824766938948788,0.29212326590249127,0.31366241876390427,-0.4096246439673876,-0.43488010583911063,-0.2598833127378241,-0.263601248346465,0.1998103593011332
PAY_0,-0.3010392995541436,1.0,0.6289337981188571,0.5493053208293122,0.5179386920905698,0.4954479706908497,0.46953818523892327,0.3120714138769022,0.3276852577397269,0.317448259761653,0.3123086595723599,0.30506318333205257,0.29289117247848095,-0.0988976010954501,-0.058063735154859714,-0.047560527828117094,-0.032302757470182145,-0.021340481504385493,-0.040080731400246934,0.40646087414638515,0.44309144353612345,0.6445098117068148,0.6056256702287685,-0.46058298322631563
PAY_2,-0.3458692618238792,0.6289337981188571,1.0,0.800580517472416,0.7115311558208555,0.6765628718152858,0.6346329280382982,0.5728560360024179,0.5531998086283948,0.522647476797081,0.5010451964528616,0.4811680879539957,0.46201607333874,0.026890240910057067,0.08832674859408164,0.08972839732680314,0.09631680529131678,0.10043892902610851,0.08368808322488133,0.6576004346625853,0.6473734141931579,0.42950818345296743,0.4139519822447025,-0.534317053706374
PAY_3,-0.33125764896850807,0.5493053208293122,0.800580517472416,1.0,0.798863457164086,0.7215283606740902,0.6741635500540402,0.5213537097239683,0.5872743392869922,0.5569385994339026,0.5331379707915956,0.5082774968515515,0.4854855243144349,0.21749076610425236,0.035587561941341626,0.10657209849607568,0.1172979602711844,0.12420968558835774,0.09943941211557429,0.5947389240822459,0.6465200291481004,0.43660821228447727,0.4296728392322762,-0.4790364184386389
PAY_4,-0.3099199315603999,0.5179386920905698,0.7115311558208555,0.798863457164086,1.0,0.8246464140256028,0.7328443833380541,0.510512060700992,0.5566284958082144,0.6193908545926512,0.594992262952847,0.5627531280368785,0.5337021976134604,0.18636683147289487,0.2451575763091056,0.0709950382492766,0.1419421526621921,0.16047244945957026,0.1394919415850381,0.5724243580211903,0.6595538295987375,0.39706329479324026,0.38538699210000843,-0.4509180220732131
PAY_5,-0.2885057139312159,0.4954479706908497,0.6765628718152858,0.7215283606740902,0.8246464140256028,1.0,0.8192249615895957,0.4966687985133162,0.5348557056102425,0.5859875630195857,0.6478932161652878,0.6155947954972525,0.5755445143720195,0.17255448515206903,0.22048301764595454,0.25729742550614476,0.10371230316619805,0.18264369360298077,0.17173411023557084,0.5500268600062304,0.6560916965187824,0.36389659802014385,0.34893964464843064,-0.42740488307563435
PAY_6,-0.26936652293743346,0.46953818523892327,0.6346329280382982,0.6741635500540402,0.7328443833380541,0.8192249615895957,1.0,0.48340184676865783,0.5182585562412366,0.5577698244142307,0.6014597829739494,0.6625721101583294,0.6269625044816561,0.17222285781439453,0.194794124830352,0.23200698187672322,0.280726975711078,0.13886893204841555,0.19475304927541928,0.52661844202279,0.6430583134473351,0.3632968147030418,0.35655134397879384,-0.4059339687268782
BILL_AMT1,0.052732599662304924,0.3120714138769022,0.5728560360024179,0.5213537097239683,0.510512060700992,0.4966687985133162,0.48340184676865783,1.0,0.9113468900239245,0.8579736828746586,0.808754354881602,0.7697415373181454,0.7350572695261417,0.5038496791702939,0.47405539423979276,0.43999957129758044,0.44284122375627405,0.4254248736419685,0.41114761825037466,0.830761155490933,0.7487525130158793,-0.06368883776431852,-0.05761377823996077,-0.592994605199851
BILL_AMT2,0.04395466208279654,0.3276852577397269,0.5531998086283948,0.5872743392869922,0.5566284958082144,0.5348557056102425,0.5182585562412366,0.9113468900239245,1.0,0.9091547267450317,0.8511854329051959,0.8046569008528851,0.767048717191142,0.6368005295528184,0.4999815136942398,0.47016072972623824,0.46502506288765816,0.45182398498502957,0.4295094263560874,0.7621197664410482,0.7682503859668028,-0.022692209301031243,-0.017059644461876012,-0.546028635280776
BILL_AMT3,0.05239109251497957,0.317448259761653,0.522647476797081,0.5569385994339026,0.6193908545926512,0.5859875630195857,0.5577698244142307,0.8579736828746586,0.9091547267450317,1.0,0.9034813341882222,0.8473799902060315,0.8055150312454383,0.5495730790799853,0.6370341836001554,0.48882831973313384,0.48682306799817415,0.4808241761176565,0.45576686925679954,0.7115681568503385,0.7727826093881887,-0.0030356789521643807,0.00026829616252440323,-0.5130033772874165
BILL_AMT4,0.06860740763786835,0.3123086595723599,0.5010451964528616,0.5331379707915956,0.594992262952847,0.6478932161652878,0.6014597829739494,0.808754354881602,0.8511854329051959,0.9034813341882222,1.0,0.9022938712333208,0.8462085999732888,0.5119243512080816,0.5505884680005668,0.6317977620317986,0.5053856287188675,0.5022790115066442,0.47923980485647677,0.6601203270570213,0.7604612635014891,0.01928959699292967,0.020571707288175606,-0.483751006137434
BILL_AMT5,0.07722725353447292,0.30506318333205257,0.4811680879539957,0.5082774968515515,0.5627531280368785,0.6155947954972525,0.6625721101583294,0.7697415373181454,0.8046569008528851,0.8473799902060315,0.9022938712333208,1.0,0.9011602984723714,0.48076616949440454,0.5086980789966874,0.5473995179595668,0.6485477097357036,0.5246860660471596,0.5076772567880352,0.617541456653583,0.7411705687798751,0.03992626972595253,0.04004727645247373,-0.44960062813876966
BILL_AMT6,0.08323427827826074,0.29289117247848095,0.46201607333874,0.4854855243144349,0.5337021976134604,0.5755445143720195,0.6269625044816561,0.7350572695261417,0.767048717191142,0.8055150312454383,0.8462085999732888,0.9011602984723714,1.0,0.4551626626843887,0.48470327312390554,0.5151020650942966,0.5707765181269467,0.6671888553612836,0.5303228727517781,0.5817732961016158,0.7106698760800627,0.04371887342197738,0.04293307874940143,-0.41131916646510364
PAY_AMT1,0.26873697805797553,-0.0988976010954501,0.026890240910057067,0.21749076610425236,0.18636683147289487,0.17255448515206903,0.17222285781439453,0.5038496791702939,0.6368005295528184,0.5495730790799853,0.5119243512080816,0.48076616949440454,0.4551626626843887,1.0,0.5151361516762332,0.522504504228316,0.48621202669554303,0.4689928909402133,0.4575972985568924,0.2928311856173286,0.33599836195339855,-0.2638667872628694,-0.25045794067149324,-0.010374820989794987
PAY_AMT2,0.27133214803227684,-0.058063735154859714,0.08832674859408164,0.035587561941341626,0.2451575763091056,0.22048301764595454,0.194794124830352,0.47405539423979276,0.4999815136942398,0.6370341836001554,0.5505884680005668,0.5086980789966874,0.48470327312390554,0.5151361516762332,1.0,0.5101705580682057,0.5098049778364935,0.49723325902034265,0.4846603961888261,0.2763179191992716,0.3368327837564206,-0.2514556800487875,-0.24719729531956408,0.0006586685758823845
PAY_AMT3,0.2850940782997326,-0.047560527828117094,0.08972839732680314,0.10657209849607568,0.0709950382492766,0.25729742550614476,0.23200698187672322,0.43999957129758044,0.47016072972623824,0.48882831973313384,0.6317977620317986,0.5473995179595668,0.5151020650942966,0.522504504228316,0.5101705580682057,1.0,0.5132888361238569,0.532752451657553,0.5021550592499967,0.2424162201308428,0.31667458140154336,-0.21530373942601921,-0.2096574232424548,0.024851357384704825
PAY_AMT4,0.2824766938948788,-0.032302757470182145,0.09631680529131678,0.1172979602711844,0.1419421526621921,0.10371230316619805,0.280726975711078,0.44284122375627405,0.46502506288765816,0.48682306799817415,0.5053856287188675,0.6485477097357036,0.5707765181269467,0.48621202669554303,0.5098049778364935,0.5132888361238569,1.0,0.5318691159061403,0.5434020784252902,0.24160049929146493,0.3178293450760321,-0.1827748486784834,-0.17332131488369953,0.02476942144652467
PAY_AMT5,0.29212326590249127,-0.021340481504385493,0.10043892902610851,0.12420968558835774,0.16047244945957026,0.18264369360298077,0.13886893204841555,0.4254248736419685,0.45182398498502957,0.4808241761176565,0.5022790115066442,0.5246860660471596,0.6671888553612836,0.4689928909402133,0.49723325902034265,0.532752451657553,0.5318691159061403,1.0,0.5480378411496116,0.22219653573885728,0.3038876612176998,-0.18815106775477877,-0.18615510833890017,0.04838451198843987
PAY_AMT6,0.31366241876390427,-0.040080731400246934,0.08368808322488133,0.09943941211557429,0.1394919415850381,0.17173411023557084,0.19475304927541928,0.41114761825037466,0.4295094263560874,0.45576686925679954,0.47923980485647677,0.5076772567880352,0.5303228727517781,0.4575972985568924,0.4846603961888261,0.5021550592499967,0.5434020784252902,0.5480378411496116,1.0,0.20160860675209508,0.2571963168952243,-0.16579186669872684,-0.15694209662814468,0.10798213909307557
utilization_latest,-0.4096246439673876,0.40646087414638515,0.6576004346625853,0.5947389240822459,0.5724243580211903,0.5500268600062304,0.52661844202279,0.830761155490933,0.7621197664410482,0.7115681568503385,0.6601203270570213,0.617541456653583,0.5817732961016158,0.2928311856173286,0.2763179191992716,0.2424162201308428,0.24160049929146493,0.22219653573885728,0.20160860675209508,1.0,0.9189975781114627,0.06751434552239945,0.07731756194863934,-0.6153809403268448
utilization_mean,-0.43488010583911063,0.44309144353612345,0.6473734141931579,0.6465200291481004,0.6595538295987375,0.6560916965187824,0.6430583134473351,0.7487525130158793,0.7682503859668028,0.7727826093881887,0.7604612635014891,0.7411705687798751,0.7106698760800627,0.33599836195339855,0.3368327837564206,0.31667458140154336,0.3178293450760321,0.3038876612176998,0.2571963168952243,0.9189975781114627,1.0,0.15183301126985793,0.1564141916340616,-0.5635399487179938
delayed_months,-0.2598833127378241,0.6445098117068148,0.42950818345296743,0.43660821228447727,0.39706329479324026,0.36389659802014385,0.3632968147030418,-0.06368883776431852,-0.022692209301031243,-0.0030356789521643807,0.01928959699292967,0.03992626972595253,0.04371887342197738,-0.2638667872628694,-0.2514556800487875,-0.21530373942601921,-0.1827748486784834,-0.18815106775477877,-0.16579186669872684,0.06751434552239945,0.15183301126985793,1.0,0.9822065747378496,-0.18707907677604693
max_delay,-0.263601248346465,0.6056256702287685,0.4139519822447025,0.4296728392322762,0.38538699210000843,0.34893964464843064,0.35655134397879384,-0.05761377823996077,-0.017059644461876012,0.00026829616252440323,0.020571707288175606,0.04004727645247373,0.04293307874940143,-0.25045794067149324,-0.24719729531956408,-0.2096574232424548,-0.17332131488369953,-0.18615510833890017,-0.15694209662814468,0.07731756194863934,0.1564141916340616,0.9822065747378496,1.0,-0.17713329494257352
payment_bill_ratio,0.1998103593011332,-0.46058298322631563,-0.534317053706374,-0.4790364184386389,-0.4509180220732131,-0.42740488307563435,-0.4059339687268782,-0.592994605199851,-0.546028635280776,-0.5130033772874165,-0.483751006137434,-0.44960062813876966,-0.41131916646510364,-0.010374820989794987,0.0006586685758823845,0.024851357384704825,0.02476942144652467,0.04838451198843987,0.10798213909307557,-0.6153809403268448,-0.5635399487179938,-0.18707907677604693,-0.17713329494257352,1.0
