model,feature,importance
random_forest,LIMIT_BAL,0.03323197662075292
random_forest,PAY_0,0.17675235770794742
random_forest,PAY_2,0.06168746769765114
random_forest,PAY_3,0.046177698307194606
random_forest,PAY_4,0.01974261075256361
random_forest,PAY_5,0.019831079181354107
random_forest,PAY_6,0.018200375339195347
random_forest,BILL_AMT1,0.031732130781640666
random_forest,BILL_AMT2,0.02015364852981959
random_forest,BILL_AMT3,0.020441021201873886
random_forest,BILL_AMT4,0.01846647998207099
random_forest,BILL_AMT5,0.02076438318222998
random_forest,BILL_AMT6,0.016069418175477485
random_forest,PAY_AMT1,0.029394626280534755
random_forest,PAY_AMT2,0.027611359742825237
random_forest,PAY_AMT3,0.026815768118868138
random_forest,PAY_AMT4,0.023170737330853525
random_forest,PAY_AMT5,0.01598852238859205
random_forest,PAY_AMT6,0.019906352938565904
random_forest,utilization_latest,0.037850733840934236
random_forest,utilization_mean,0.03512095835635791
random_forest,delayed_months,0.11933786638462998
random_forest,max_delay,0.12888055812918592
random_forest,payment_bill_ratio,0.03267186902888067
xgboost,LIMIT_BAL,0.01628582552075386
xgboost,PAY_0,0.2573704123497009
xgboost,PAY_2,0.03347575664520264
xgboost,PAY_3,0.009250291623175144
xgboost,PAY_4,0.011371799744665623
xgboost,PAY_5,0.009467062540352345
xgboost,PAY_6,0.008385714143514633
xgboost,BILL_AMT1,0.017116717994213104
xgboost,BILL_AMT2,0.00896773673593998
xgboost,BILL_AMT3,0.010712962597608566
xgboost,BILL_AMT4,0.007445188704878092
xgboost,BILL_AMT5,0.011202521622180939
xgboost,BILL_AMT6,0.0070416671223938465
xgboost,PAY_AMT1,0.024442918598651886
xgboost,PAY_AMT2,0.018505441024899483
xgboost,PAY_AMT3,0.021135171875357628
xgboost,PAY_AMT4,0.013045795261859894
xgboost,PAY_AMT5,0.006928886752575636
xgboost,PAY_AMT6,0.015538287349045277
xgboost,utilization_latest,0.018041377887129784
xgboost,utilization_mean,0.018439792096614838
xgboost,delayed_months,0.12333593517541885
xgboost,max_delay,0.3166786730289459
xgboost,payment_bill_ratio,0.01581401191651821
