feature,mean_abs_shap
PAY_0,0.33002418
max_delay,0.26890895
delayed_months,0.20428687
BILL_AMT1,0.17712042
utilization_mean,0.10428287
LIMIT_BAL,0.09378569
PAY_AMT1,0.085651316
PAY_AMT3,0.081654966
utilization_latest,0.07546322
PAY_AMT2,0.07161421
payment_bill_ratio,0.062016718
BILL_AMT5,0.047610093
PAY_AMT4,0.041810084
PAY_AMT6,0.041043445
BILL_AMT2,0.017934147
PAY_2,0.017636504
PAY_3,0.016993873
BILL_AMT3,0.01692785
BILL_AMT6,0.014840972
PAY_6,0.01007506
BILL_AMT4,0.009835412
PAY_5,0.008929055
PAY_AMT5,0.008557915
PAY_4,0.0035166242
