feature,psi,judge
credit_score,0.013091895120463467,稳定
loan_amount,0.011325197333056305,稳定
utilization,0.009036575294412786,稳定
monthly_income,0.006468955307325306,稳定
__score__,0.005548609725851015,稳定
inquiry_6m,0.005004249450334125,稳定
debt_ratio,0.0044883731074985425,稳定
age,0.004326839731590413,稳定
employment_years,0.003768063455070232,稳定
credit_history_months,0.002682310825227793,稳定
num_open_accounts,0.0025711985775934317,稳定
delinq_30d_2y,0.0023291736135059578,稳定
delinq_90d_2y,9.067693514150073e-05,稳定
